-- phpMyAdmin SQL Dump
-- version 5.2.1
-- https://www.phpmyadmin.net/
--
-- Host: 127.0.0.1
-- Generation Time: Aug 09, 2024 at 10:44 AM
-- Server version: 10.4.28-MariaDB
-- PHP Version: 8.0.28

SET SQL_MODE = "NO_AUTO_VALUE_ON_ZERO";
START TRANSACTION;
SET time_zone = "+00:00";


/*!40101 SET @OLD_CHARACTER_SET_CLIENT=@@CHARACTER_SET_CLIENT */;
/*!40101 SET @OLD_CHARACTER_SET_RESULTS=@@CHARACTER_SET_RESULTS */;
/*!40101 SET @OLD_COLLATION_CONNECTION=@@COLLATION_CONNECTION */;
/*!40101 SET NAMES utf8mb4 */;

--
-- Database: `fusionadmin`
--

-- --------------------------------------------------------

--
-- Table structure for table `admin`
--

CREATE TABLE `admin` (
  `id` int(11) NOT NULL,
  `username` varchar(255) NOT NULL,
  `password` varchar(255) NOT NULL,
  `creationDate` timestamp NOT NULL DEFAULT current_timestamp(),
  `updationDate` varchar(255) NOT NULL
) ENGINE=InnoDB DEFAULT CHARSET=latin1 COLLATE=latin1_swedish_ci;

--
-- Dumping data for table `admin`
--

INSERT INTO `admin` (`id`, `username`, `password`, `creationDate`, `updationDate`) VALUES
(1, 'admin', '60c60fe677eefc763858958337a08074', '2017-01-24 16:21:18', '09-08-2024 02:12:44 PM');

-- --------------------------------------------------------

--
-- Table structure for table `category`
--

CREATE TABLE `category` (
  `id` int(11) NOT NULL,
  `categoryName` varchar(255) DEFAULT NULL,
  `categoryDescription` longtext DEFAULT NULL,
  `creationDate` timestamp NOT NULL DEFAULT current_timestamp(),
  `updationDate` varchar(255) DEFAULT NULL
) ENGINE=InnoDB DEFAULT CHARSET=latin1 COLLATE=latin1_swedish_ci;

--
-- Dumping data for table `category`
--

INSERT INTO `category` (`id`, `categoryName`, `categoryDescription`, `creationDate`, `updationDate`) VALUES
(4, 'Electronics', 'Electronic Products', '2017-01-24 19:19:32', '14-09-2023 09:07:50 AM'),
(7, 'AC', '', '2023-08-23 03:34:31', NULL),
(8, 'MOBILE', '', '2023-08-23 03:41:34', NULL),
(9, 'LAPTOP', '', '2023-08-23 03:54:25', NULL),
(10, 'REFRIGERATOR', '', '2023-08-23 04:00:24', NULL),
(11, 'COVER', '', '2023-08-24 03:55:14', NULL),
(12, 'SPEAKER', '', '2023-08-25 04:02:54', NULL),
(13, 'BUDS', '', '2023-08-25 04:12:12', NULL),
(14, 'CHARGER', '', '2023-08-25 04:15:09', NULL),
(15, 'HEADPHONE', '', '2023-08-25 04:18:37', NULL),
(16, 'OVEN', '', '2023-08-25 04:23:34', NULL),
(17, 'TAB', '', '2023-08-25 04:30:36', NULL),
(18, 'TV', '', '2023-08-25 04:37:15', NULL),
(19, 'WASHING MACHIN', '', '2023-08-25 04:43:11', NULL),
(20, 'WATCH', '', '2023-08-25 04:43:17', NULL);

-- --------------------------------------------------------

--
-- Table structure for table `orders`
--

CREATE TABLE `orders` (
  `id` int(11) NOT NULL,
  `userId` int(11) DEFAULT NULL,
  `productId` varchar(255) DEFAULT NULL,
  `quantity` int(11) DEFAULT NULL,
  `orderDate` timestamp NOT NULL DEFAULT current_timestamp(),
  `paymentMethod` varchar(50) DEFAULT NULL,
  `orderStatus` varchar(55) DEFAULT NULL
) ENGINE=InnoDB DEFAULT CHARSET=latin1 COLLATE=latin1_swedish_ci;

--
-- Dumping data for table `orders`
--

INSERT INTO `orders` (`id`, `userId`, `productId`, `quantity`, `orderDate`, `paymentMethod`, `orderStatus`) VALUES
(1, 1, '3', 1, '2017-03-07 19:32:57', 'COD', NULL),
(3, 1, '4', 1, '2017-03-10 19:43:04', 'Debit / Credit card', 'Delivered'),
(4, 1, '17', 1, '2017-03-08 16:14:17', 'COD', 'in Process'),
(5, 1, '3', 1, '2017-03-08 19:21:38', 'COD', NULL),
(6, 1, '4', 1, '2017-03-08 19:21:38', 'COD', NULL);

-- --------------------------------------------------------

--
-- Table structure for table `ordertrackhistory`
--

CREATE TABLE `ordertrackhistory` (
  `id` int(11) NOT NULL,
  `orderId` int(11) DEFAULT NULL,
  `status` varchar(255) DEFAULT NULL,
  `remark` mediumtext DEFAULT NULL,
  `postingDate` timestamp NOT NULL DEFAULT current_timestamp()
) ENGINE=InnoDB DEFAULT CHARSET=latin1 COLLATE=latin1_swedish_ci;

--
-- Dumping data for table `ordertrackhistory`
--

INSERT INTO `ordertrackhistory` (`id`, `orderId`, `status`, `remark`, `postingDate`) VALUES
(1, 3, 'in Process', 'Order has been Shipped.', '2017-03-10 19:36:45'),
(2, 1, 'Delivered', 'Order Has been delivered', '2017-03-10 19:37:31'),
(3, 3, 'Delivered', 'Product delivered successfully', '2017-03-10 19:43:04'),
(4, 4, 'in Process', 'Product ready for Shipping', '2017-03-10 19:50:36');

-- --------------------------------------------------------

--
-- Table structure for table `productreviews`
--

CREATE TABLE `productreviews` (
  `id` int(11) NOT NULL,
  `productId` int(11) DEFAULT NULL,
  `quality` int(11) DEFAULT NULL,
  `price` int(11) DEFAULT NULL,
  `value` int(11) DEFAULT NULL,
  `name` varchar(255) DEFAULT NULL,
  `summary` varchar(255) DEFAULT NULL,
  `review` longtext DEFAULT NULL,
  `reviewDate` timestamp NOT NULL DEFAULT current_timestamp()
) ENGINE=InnoDB DEFAULT CHARSET=latin1 COLLATE=latin1_swedish_ci;

--
-- Dumping data for table `productreviews`
--

INSERT INTO `productreviews` (`id`, `productId`, `quality`, `price`, `value`, `name`, `summary`, `review`, `reviewDate`) VALUES
(2, 3, 4, 5, 5, 'Anuj Kumar', 'BEST PRODUCT FOR ME :)', 'BEST PRODUCT FOR ME :)', '2017-02-26 20:43:57'),
(3, 3, 3, 4, 3, 'Sarita pandey', 'Nice Product', 'Value for money', '2017-02-26 20:52:46'),
(4, 3, 3, 4, 3, 'Sarita pandey', 'Nice Product', 'Value for money', '2017-02-26 20:59:19');

-- --------------------------------------------------------

--
-- Table structure for table `products`
--

CREATE TABLE `products` (
  `id` int(11) NOT NULL,
  `category` int(11) NOT NULL,
  `subCategory` int(11) DEFAULT NULL,
  `productName` varchar(255) DEFAULT NULL,
  `productCompany` varchar(255) DEFAULT NULL,
  `productPrice` int(11) DEFAULT NULL,
  `productPriceBeforeDiscount` int(11) DEFAULT NULL,
  `productDescription` longtext DEFAULT NULL,
  `productImage1` varchar(255) DEFAULT NULL,
  `productImage2` varchar(255) DEFAULT NULL,
  `productImage3` varchar(255) DEFAULT NULL,
  `shippingCharge` int(11) DEFAULT NULL,
  `productAvailability` varchar(255) DEFAULT NULL,
  `postingDate` timestamp NULL DEFAULT current_timestamp(),
  `updationDate` varchar(255) DEFAULT NULL
) ENGINE=InnoDB DEFAULT CHARSET=latin1 COLLATE=latin1_swedish_ci;

--
-- Dumping data for table `products`
--

INSERT INTO `products` (`id`, `category`, `subCategory`, `productName`, `productCompany`, `productPrice`, `productPriceBeforeDiscount`, `productDescription`, `productImage1`, `productImage2`, `productImage3`, `shippingCharge`, `productAvailability`, `postingDate`, `updationDate`) VALUES
(7, 4, 4, 'SAMSUNG Galaxy On5', 'SAMSUNG', 7490, 0, '<ul><li>1.5 GB RAM | 8 GB ROM | Expandable Upto 128 GB<br></li><li>5 inch HD Display<br></li><li>8MP Primary Camera | 5MP Front<br></li><li>2600 mAh Li-Ion Battery<br></li><li>Exynos 3475 Processor<br></li></ul>', 'samsung-galaxy-on7-sm-1.jpeg', 'samsung-galaxy-on5-sm-2.jpeg', 'samsung-galaxy-on5-sm-3.jpeg', 20, 'In Stock', '2017-02-04 04:10:17', ''),
(12, 4, 6, 'Samsung book3proi5', 'SAMSUNG', 10999, 0, '<ul><li>Intel Atom Processor ( 4th Gen )<br></li><li>2 GB DDR3 RAM<br></li><li>32 bit Windows 10 Operating System<br></li><li>11.6 inch Touchscreen Display<br></li></ul>', '1.jpg', '5.jpg', '4.jpg', 50, 'In Stock', '2017-02-04 04:28:17', ''),
(13, 4, 6, '12th Gen i7 EvoTM 15.6(39cm) Touchscreen', 'SAMSUNG', 41990, 0, '<font color=\"#212121\" face=\"Roboto, Arial, sans-serif\"><span style=\"font-size: 18px;\">12th Gen i7 EvoTM 15.6(39cm) Touchscreen</span></font><br><div><ul><li>Intel Core i5 Processor ( 5th Gen )<br></li><li>4 GB DDR3 RAM<br></li><li>64 bit Windows 10 Operating System<br></li><li>1 TB HDD<br></li><li>15.6 inch Display<br></li></ul></div>', '5.jpg', '1.jpg', '2.jpg', 0, 'In Stock', '2017-02-04 04:30:24', ''),
(14, 4, 6, 'Samsung book2(np750)i5', 'SAMSUNG', 22990, 0, '<font color=\"#212121\" face=\"Roboto, Arial, sans-serif\"><span style=\"font-size: 18px;\">Samsung&nbsp;book2(np750)i5</span></font><br><div><ul><li>AMD APU Quad Core A6 Processor ( 6th Gen )<br></li><li>4 GB DDR3 RAM<br></li><li>64 bit Windows 10 Operating System<br></li><li>500 GB HDD<br></li><li>15.6 inch Display<br></li></ul></div>', '1.jpg', '4.jpg', '3.jpg', 50, 'In Stock', '2017-02-04 04:32:15', ''),
(21, 4, 4, 's23 ultra', 'SAMSUNG', 699, 1000, 'khkhk', '1.jpg', '2 s23 ultra.jpg', '3 s23 ultra.jpg', 50, 'In Stock', '2023-08-23 03:32:55', NULL),
(22, 7, 16, 'Samsung 2 Ton 3 Star Wi-fi Enabled Inverter Split AC', 'SAMSUNG', 60999, 83999, '<table class=\"a-normal a-spacing-micro\" style=\"width: 432.469px; color: rgb(15, 17, 17); font-family: &quot;Amazon Ember&quot;, Arial, sans-serif; font-size: 14px; background-color: rgb(255, 255, 255); margin-bottom: 0px !important;\"><tbody style=\"box-sizing: border-box;\"><tr class=\"a-spacing-small po-brand\" style=\"box-sizing: border-box; margin-bottom: 8px !important;\"><td class=\"a-span3\" style=\"vertical-align: top; padding: 0px 3px 3px 0px; margin-right: 0px; width: 113.219px;\"><span class=\"a-size-base a-text-bold\" style=\"box-sizing: border-box; font-weight: 700 !important; line-height: 20px !important;\">Brand</span></td><td class=\"a-span9\" style=\"vertical-align: top; padding: 0px 0px 3px 3px; margin-right: 0px; width: 319.25px;\"><span class=\"a-size-base po-break-word\" style=\"box-sizing: border-box; word-break: break-word; line-height: 20px !important;\">Samsung</span></td></tr><tr class=\"a-spacing-small po-capacity\" style=\"box-sizing: border-box; margin-bottom: 8px !important;\"><td class=\"a-span3\" style=\"vertical-align: top; padding: 3px 3px 3px 0px; margin-right: 0px; width: 113.219px;\"><span class=\"a-size-base a-text-bold\" style=\"box-sizing: border-box; font-weight: 700 !important; line-height: 20px !important;\">Capacity</span></td><td class=\"a-span9\" style=\"vertical-align: top; padding: 3px 0px 3px 3px; margin-right: 0px; width: 319.25px;\"><span class=\"a-size-base po-break-word\" style=\"box-sizing: border-box; word-break: break-word; line-height: 20px !important;\">2 Tons</span></td></tr><tr class=\"a-spacing-small po-cooling_power\" style=\"box-sizing: border-box; margin-bottom: 8px !important;\"><td class=\"a-span3\" style=\"vertical-align: top; padding: 3px 3px 3px 0px; margin-right: 0px; width: 113.219px;\"><span class=\"a-size-base a-text-bold\" style=\"box-sizing: border-box; font-weight: 700 !important; line-height: 20px !important;\">Cooling Power</span></td><td class=\"a-span9\" style=\"vertical-align: top; padding: 3px 0px 3px 3px; margin-right: 0px; width: 319.25px;\"><span class=\"a-size-base po-break-word\" style=\"box-sizing: border-box; word-break: break-word; line-height: 20px !important;\">8.1 Kilowatts</span></td></tr><tr class=\"a-spacing-small po-special_feature\" style=\"box-sizing: border-box; margin-bottom: 8px !important;\"><td class=\"a-span3\" style=\"vertical-align: top; padding: 3px 3px 3px 0px; margin-right: 0px; width: 113.219px;\"><span class=\"a-size-base a-text-bold\" style=\"box-sizing: border-box; font-weight: 700 !important; line-height: 20px !important;\">Special Feature</span></td><td class=\"a-span9\" style=\"vertical-align: top; padding: 3px 0px 3px 3px; margin-right: 0px; width: 319.25px;\"><span class=\"a-size-base po-break-word\" style=\"box-sizing: border-box; word-break: break-word; line-height: 20px !important;\">Copper Anti-bacterial Filter, Auto Clean (Self Cleaning)</span></td></tr><tr class=\"a-spacing-small po-item_depth_width_height\" style=\"box-sizing: border-box; margin-bottom: 8px !important;\"><td class=\"a-span3\" style=\"vertical-align: top; padding: 3px 3px 0px 0px; margin-right: 0px; width: 113.219px;\"><span class=\"a-size-base a-text-bold\" style=\"box-sizing: border-box; font-weight: 700 !important; line-height: 20px !important;\">Product Dimensions</span></td><td class=\"a-span9\" style=\"vertical-align: top; padding: 3px 0px 0px 3px; margin-right: 0px; width: 319.25px;\"><span class=\"a-size-base po-break-word\" style=\"box-sizing: border-box; word-break: break-word; line-height: 20px !important;\">21.5D x 105.5W x 29.9H Centimeters</span></td></tr></tbody></table>', '2ton  4.jpg', '2ton  3.jpg', '2ton  1.jpg', 50, 'In Stock', '2023-08-23 03:36:18', NULL),
(24, 7, 14, 'Samsung 1.5 Ton 5 Star Wind-Free Technology Inverter Split AC ', 'SAMSUNG', 45999, 75999, '<table class=\"a-normal a-spacing-micro\" style=\"width: 432.469px; color: rgb(15, 17, 17); font-family: &quot;Amazon Ember&quot;, Arial, sans-serif; font-size: 14px; background-color: rgb(255, 255, 255); margin-bottom: 0px !important;\"><tbody style=\"box-sizing: border-box;\"><tr class=\"a-spacing-small po-brand\" style=\"box-sizing: border-box; margin-bottom: 8px !important;\"><td class=\"a-span3\" style=\"vertical-align: top; padding: 0px 3px 3px 0px; margin-right: 0px; width: 113.219px;\"><span class=\"a-size-base a-text-bold\" style=\"box-sizing: border-box; font-weight: 700 !important; line-height: 20px !important;\">Brand</span></td><td class=\"a-span9\" style=\"vertical-align: top; padding: 0px 0px 3px 3px; margin-right: 0px; width: 319.25px;\"><span class=\"a-size-base po-break-word\" style=\"box-sizing: border-box; word-break: break-word; line-height: 20px !important;\">Samsung</span></td></tr><tr class=\"a-spacing-small po-capacity\" style=\"box-sizing: border-box; margin-bottom: 8px !important;\"><td class=\"a-span3\" style=\"vertical-align: top; padding: 3px 3px 3px 0px; margin-right: 0px; width: 113.219px;\"><span class=\"a-size-base a-text-bold\" style=\"box-sizing: border-box; font-weight: 700 !important; line-height: 20px !important;\">Capacity</span></td><td class=\"a-span9\" style=\"vertical-align: top; padding: 3px 0px 3px 3px; margin-right: 0px; width: 319.25px;\"><span class=\"a-size-base po-break-word\" style=\"box-sizing: border-box; word-break: break-word; line-height: 20px !important;\">1.5 Tons</span></td></tr><tr class=\"a-spacing-small po-cooling_power\" style=\"box-sizing: border-box; margin-bottom: 8px !important;\"><td class=\"a-span3\" style=\"vertical-align: top; padding: 3px 3px 3px 0px; margin-right: 0px; width: 113.219px;\"><span class=\"a-size-base a-text-bold\" style=\"box-sizing: border-box; font-weight: 700 !important; line-height: 20px !important;\">Cooling Power</span></td><td class=\"a-span9\" style=\"vertical-align: top; padding: 3px 0px 3px 3px; margin-right: 0px; width: 319.25px;\"><span class=\"a-size-base po-break-word\" style=\"box-sizing: border-box; word-break: break-word; line-height: 20px !important;\">5.8 Kilowatts</span></td></tr><tr class=\"a-spacing-small po-special_feature\" style=\"box-sizing: border-box; margin-bottom: 8px !important;\"><td class=\"a-span3\" style=\"vertical-align: top; padding: 3px 3px 3px 0px; margin-right: 0px; width: 113.219px;\"><span class=\"a-size-base a-text-bold\" style=\"box-sizing: border-box; font-weight: 700 !important; line-height: 20px !important;\">Special Feature</span></td><td class=\"a-span9\" style=\"vertical-align: top; padding: 3px 0px 3px 3px; margin-right: 0px; width: 319.25px;\"><span class=\"a-size-base po-break-word\" style=\"box-sizing: border-box; word-break: break-word; line-height: 20px !important;\">Copper Anti-bacterial Filter, Auto Clean (Self Cleaning)</span></td></tr><tr class=\"a-spacing-small po-item_depth_width_height\" style=\"box-sizing: border-box; margin-bottom: 8px !important;\"><td class=\"a-span3\" style=\"vertical-align: top; padding: 3px 3px 0px 0px; margin-right: 0px; width: 113.219px;\"><span class=\"a-size-base a-text-bold\" style=\"box-sizing: border-box; font-weight: 700 !important; line-height: 20px !important;\">Product Dimensions</span></td><td class=\"a-span9\" style=\"vertical-align: top; padding: 3px 0px 0px 3px; margin-right: 0px; width: 319.25px;\"><span class=\"a-size-base po-break-word\" style=\"box-sizing: border-box; word-break: break-word; line-height: 20px !important;\">21.5D x 15.5W x 29.9H Centimeters</span></td></tr></tbody></table>', '1.5ton 2.jpg', '1.5ton 1.jpg', '1.5ton 3.jpg', 50, 'In Stock', '2023-08-23 03:38:56', NULL),
(25, 7, 13, 'Samsung 1 Ton 3 Star Wind-Free Technology Inverter Split AC ', 'SAMSUNG', 35999, 52999, '<table class=\"a-normal a-spacing-micro\" style=\"width: 432.469px; color: rgb(15, 17, 17); font-family: &quot;Amazon Ember&quot;, Arial, sans-serif; font-size: 14px; background-color: rgb(255, 255, 255); margin-bottom: 0px !important;\"><tbody style=\"box-sizing: border-box;\"><tr class=\"a-spacing-small po-brand\" style=\"box-sizing: border-box; margin-bottom: 8px !important;\"><td class=\"a-span3\" style=\"vertical-align: top; padding: 0px 3px 3px 0px; margin-right: 0px; width: 113.219px;\"><span class=\"a-size-base a-text-bold\" style=\"box-sizing: border-box; font-weight: 700 !important; line-height: 20px !important;\">Brand</span></td><td class=\"a-span9\" style=\"vertical-align: top; padding: 0px 0px 3px 3px; margin-right: 0px; width: 319.25px;\"><span class=\"a-size-base po-break-word\" style=\"box-sizing: border-box; word-break: break-word; line-height: 20px !important;\">Samsung</span></td></tr><tr class=\"a-spacing-small po-capacity\" style=\"box-sizing: border-box; margin-bottom: 8px !important;\"><td class=\"a-span3\" style=\"vertical-align: top; padding: 3px 3px 3px 0px; margin-right: 0px; width: 113.219px;\"><span class=\"a-size-base a-text-bold\" style=\"box-sizing: border-box; font-weight: 700 !important; line-height: 20px !important;\">Capacity</span></td><td class=\"a-span9\" style=\"vertical-align: top; padding: 3px 0px 3px 3px; margin-right: 0px; width: 319.25px;\"><span class=\"a-size-base po-break-word\" style=\"box-sizing: border-box; word-break: break-word; line-height: 20px !important;\">1 Tons</span></td></tr><tr class=\"a-spacing-small po-cooling_power\" style=\"box-sizing: border-box; margin-bottom: 8px !important;\"><td class=\"a-span3\" style=\"vertical-align: top; padding: 3px 3px 3px 0px; margin-right: 0px; width: 113.219px;\"><span class=\"a-size-base a-text-bold\" style=\"box-sizing: border-box; font-weight: 700 !important; line-height: 20px !important;\">Cooling Power</span></td><td class=\"a-span9\" style=\"vertical-align: top; padding: 3px 0px 3px 3px; margin-right: 0px; width: 319.25px;\"><span class=\"a-size-base po-break-word\" style=\"box-sizing: border-box; word-break: break-word; line-height: 20px !important;\">4.4 Kilowatts</span></td></tr><tr class=\"a-spacing-small po-special_feature\" style=\"box-sizing: border-box; margin-bottom: 8px !important;\"><td class=\"a-span3\" style=\"vertical-align: top; padding: 3px 3px 3px 0px; margin-right: 0px; width: 113.219px;\"><span class=\"a-size-base a-text-bold\" style=\"box-sizing: border-box; font-weight: 700 !important; line-height: 20px !important;\">Special Feature</span></td><td class=\"a-span9\" style=\"vertical-align: top; padding: 3px 0px 3px 3px; margin-right: 0px; width: 319.25px;\"><span class=\"a-size-base po-break-word\" style=\"box-sizing: border-box; word-break: break-word; line-height: 20px !important;\">Easy Filter Plus (Anti-Bacteria), Auto Clean (Self Cleaning)</span></td></tr><tr class=\"a-spacing-small po-item_depth_width_height\" style=\"box-sizing: border-box; margin-bottom: 8px !important;\"><td class=\"a-span3\" style=\"vertical-align: top; padding: 3px 3px 0px 0px; margin-right: 0px; width: 113.219px;\"><span class=\"a-size-base a-text-bold\" style=\"box-sizing: border-box; font-weight: 700 !important; line-height: 20px !important;\">Product Dimensions</span></td><td class=\"a-span9\" style=\"vertical-align: top; padding: 3px 0px 0px 3px; margin-right: 0px; width: 319.25px;\"><span class=\"a-size-base po-break-word\" style=\"box-sizing: border-box; word-break: break-word; line-height: 20px !important;\">21.5D x 82W x 29.9H Centimeters</span></td></tr></tbody></table>', '1ton 3.jpg', '1ton 4.jpg', '1ton 1.jpg', 50, 'In Stock', '2023-08-23 03:40:09', NULL),
(26, 8, 17, 'Samsung Galaxy M04 Dark Blue, 4GB RAM, 64GB Storage ', 'SAMSUNG', 8499, 11999, 'Brand	Samsung\r\nModel Name	Samsung M04\r\nNetwork Service Provider	Unlocked for All Carriers\r\nOperating System	Android 12.0\r\nCellular Technology	4G\r\n\r\n\r\n', 'm04.jpg', '1 m04.jpg', '2 m04.jpg', 50, 'In Stock', '2023-08-23 03:44:42', NULL),
(27, 8, 18, 'Samsung Galaxy M14 5G (Smoky Teal, 6GB, 128GB Storage) ', 'SAMSUNG', 15999, 18999, '<table class=\"a-normal a-spacing-micro\" style=\"width: 366.812px; color: rgb(15, 17, 17); font-family: &quot;Amazon Ember&quot;, Arial, sans-serif; font-size: 14px; background-color: rgb(255, 255, 255); margin-bottom: 0px !important;\"><tbody style=\"box-sizing: border-box;\"><tr class=\"a-spacing-small po-brand\" style=\"box-sizing: border-box; margin-bottom: 8px !important;\"><td class=\"a-span3\" style=\"vertical-align: top; padding: 0px 3px 3px 0px; margin-right: 0px; width: 96.0312px;\"><span class=\"a-size-base a-text-bold\" style=\"box-sizing: border-box; font-weight: 700 !important; line-height: 20px !important;\">Brand</span></td><td class=\"a-span9\" style=\"vertical-align: top; padding: 0px 0px 3px 3px; margin-right: 0px; width: 270.781px;\"><span class=\"a-size-base po-break-word\" style=\"box-sizing: border-box; word-break: break-word; line-height: 20px !important;\">Samsung</span></td></tr><tr class=\"a-spacing-small po-model_name\" style=\"box-sizing: border-box; margin-bottom: 8px !important;\"><td class=\"a-span3\" style=\"vertical-align: top; padding: 3px 3px 3px 0px; margin-right: 0px; width: 96.0312px;\"><span class=\"a-size-base a-text-bold\" style=\"box-sizing: border-box; font-weight: 700 !important; line-height: 20px !important;\">Model Name</span></td><td class=\"a-span9\" style=\"vertical-align: top; padding: 3px 0px 3px 3px; margin-right: 0px; width: 270.781px;\"><span class=\"a-size-base po-break-word\" style=\"box-sizing: border-box; word-break: break-word; line-height: 20px !important;\">Samsung Galaxy M14 5G</span></td></tr><tr class=\"a-spacing-small po-wireless_provider\" style=\"box-sizing: border-box; margin-bottom: 8px !important;\"><td class=\"a-span3\" style=\"vertical-align: top; padding: 3px 3px 3px 0px; margin-right: 0px; width: 96.0312px;\"><span class=\"a-size-base a-text-bold\" style=\"box-sizing: border-box; font-weight: 700 !important; line-height: 20px !important;\">Network Service Provider</span></td><td class=\"a-span9\" style=\"vertical-align: top; padding: 3px 0px 3px 3px; margin-right: 0px; width: 270.781px;\"><span class=\"a-size-base po-break-word\" style=\"box-sizing: border-box; word-break: break-word; line-height: 20px !important;\">Unlocked for All Carriers</span></td></tr><tr class=\"a-spacing-small po-operating_system\" style=\"box-sizing: border-box; margin-bottom: 8px !important;\"><td class=\"a-span3\" style=\"vertical-align: top; padding: 3px 3px 3px 0px; margin-right: 0px; width: 96.0312px;\"><span class=\"a-size-base a-text-bold\" style=\"box-sizing: border-box; font-weight: 700 !important; line-height: 20px !important;\">Operating System</span></td><td class=\"a-span9\" style=\"vertical-align: top; padding: 3px 0px 3px 3px; margin-right: 0px; width: 270.781px;\"><span class=\"a-size-base po-break-word\" style=\"box-sizing: border-box; word-break: break-word; line-height: 20px !important;\">Android 13.0</span></td></tr><tr class=\"a-spacing-small po-cellular_technology\" style=\"box-sizing: border-box; margin-bottom: 8px !important;\"><td class=\"a-span3\" style=\"vertical-align: top; padding: 3px 3px 0px 0px; margin-right: 0px; width: 96.0312px;\"><span class=\"a-size-base a-text-bold\" style=\"box-sizing: border-box; font-weight: 700 !important; line-height: 20px !important;\">Cellular Technology</span></td><td class=\"a-span9\" style=\"vertical-align: top; padding: 3px 0px 0px 3px; margin-right: 0px; width: 270.781px;\"><span class=\"a-size-base po-break-word\" style=\"box-sizing: border-box; word-break: break-word; line-height: 20px !important;\">5G</span></td></tr></tbody></table>', 'm14 5g.jpg', '1m14 5g.jpg', '3m 14 5g.jpg', 50, 'In Stock', '2023-08-23 03:46:21', NULL),
(28, 8, 19, 'Samsung Galaxy M13 (Midnight Blue, 4GB, 64GB Storage) ', 'SAMSUNG', 10999, 14999, '<h1 id=\"title\" class=\"a-size-large a-spacing-none\" style=\"box-sizing: border-box; padding: 0px; font-weight: 400; color: rgb(15, 17, 17); font-family: &quot;Amazon Ember&quot;, Arial, sans-serif; margin-bottom: 0px !important; font-size: 24px !important; line-height: 32px !important;\"><span id=\"productTitle\" class=\"a-size-large product-title-word-break\" style=\"box-sizing: border-box; text-rendering: optimizelegibility; word-break: break-word; line-height: 32px !important;\">6000mAh Battery | Upto 8GB RAM with RAM Plus</span></h1>', 'm 13.jpg', '1 m 13.jpg', '2 m 13.jpg', 50, 'In Stock', '2023-08-23 03:47:22', NULL),
(29, 8, 20, 'Samsung Galaxy M34 5G (Waterfall Blue, 6GB, 128GB Storage) ', 'SAMSUNG', 19999, 24999, '<h1 id=\"title\" class=\"a-size-large a-spacing-none\" style=\"box-sizing: border-box; padding: 0px; font-weight: 400; color: rgb(15, 17, 17); font-family: &quot;Amazon Ember&quot;, Arial, sans-serif; margin-bottom: 0px !important; font-size: 24px !important; line-height: 32px !important;\"><span id=\"productTitle\" class=\"a-size-large product-title-word-break\" style=\"box-sizing: border-box; text-rendering: optimizelegibility; word-break: break-word; line-height: 32px !important;\">amsung Galaxy M34 5G (Waterfall Blue, 6GB, 128GB Storage) | 120Hz sAMOLED Display | 50MP Triple No Shake Cam | 6000 mAh Battery | 12GB RAM with RAM Plus | Android 13 | Without Charger</span></h1>', 'm34 5G.jpg', '2 m34 5G.jpg', '3 m34 5G.jpg', 50, 'Out of Stock', '2023-08-23 03:48:25', NULL),
(30, 8, 21, 'Samsung Galaxy M34 5G (Waterfall Blue, 8GB, 128GB Storage)', 'SAMSUNG', 21999, 25999, '<div id=\"title_feature_div\" class=\"celwidget\" data-feature-name=\"title\" data-csa-c-type=\"widget\" data-csa-c-content-id=\"title\" data-csa-c-slot-id=\"title_feature_div\" data-csa-c-asin=\"B0C7C2NBY2\" data-csa-c-is-in-initial-active-row=\"false\" data-csa-c-id=\"r3j422-30g0m3-6j8t8b-sby5u1\" data-cel-widget=\"title_feature_div\" style=\"box-sizing: border-box; color: rgb(15, 17, 17); font-family: &quot;Amazon Ember&quot;, Arial, sans-serif; font-size: 14px;\"><div id=\"titleSection\" class=\"a-section a-spacing-none\" style=\"box-sizing: border-box; margin-bottom: 0px;\"><h1 id=\"title\" class=\"a-size-large a-spacing-none\" style=\"box-sizing: border-box; padding: 0px; font-weight: 400; margin-bottom: 0px !important; font-size: 24px !important; line-height: 32px !important;\"><span id=\"productTitle\" class=\"a-size-large product-title-word-break\" style=\"box-sizing: border-box; text-rendering: optimizelegibility; word-break: break-word; line-height: 32px !important;\">Samsung Galaxy M34 5G (Waterfall Blue, 8GB, 128GB Storage) | 120Hz sAMOLED Display | 50MP Triple No Shake Cam | 6000 mAh Battery | 16GB RAM with RAM Plus | Android 13 | Without Charger</span></h1><div><span class=\"a-size-large product-title-word-break\" style=\"box-sizing: border-box; text-rendering: optimizelegibility; word-break: break-word; line-height: 32px !important;\"><br></span></div></div></div><div id=\"qpeTitleTag_feature_div\" class=\"celwidget\" data-feature-name=\"qpeTitleTag\" data-csa-c-type=\"widget\" data-csa-c-content-id=\"qpeTitleTag\" data-csa-c-slot-id=\"qpeTitleTag_feature_div\" data-csa-c-asin=\"B0C7C2NBY2\" data-csa-c-is-in-initial-active-row=\"false\" data-csa-c-id=\"dhj69p-i1sj2-d7iatb-mmh0p\" data-cel-widget=\"qpeTitleTag_feature_div\" style=\"box-sizing: border-box; color: rgb(15, 17, 17); font-family: &quot;Amazon Ember&quot;, Arial, sans-serif; font-size: 14px;\"></div><div id=\"bylineInfo_feature_div\" class=\"celwidget\" data-feature-name=\"bylineInfo\" data-csa-c-type=\"widget\" data-csa-c-content-id=\"bylineInfo\" data-csa-c-slot-id=\"bylineInfo_feature_div\" data-csa-c-asin=\"B0C7C2NBY2\" data-csa-c-is-in-initial-active-row=\"false\" data-csa-c-id=\"m7v1ml-dcsm2s-ylb4cm-6qtx2h\" data-cel-widget=\"bylineInfo_feature_div\" style=\"box-sizing: border-box; color: rgb(15, 17, 17); font-family: &quot;Amazon Ember&quot;, Arial, sans-serif; font-size: 14px;\"></div>', 'm53 5ga.jpg', '2 m53 5ga.jpg', '1 m53 5ga.jpg', 50, 'In Stock', '2023-08-23 03:49:16', NULL),
(31, 8, 22, 'Samsung Galaxy A14 5G (Light Green, 6GB, 128GB Storage)', 'SAMSUNG', 17999, 20999, '<h1 id=\"title\" class=\"a-size-large a-spacing-none\" style=\"box-sizing: border-box; padding: 0px; font-weight: 400; color: rgb(15, 17, 17); font-family: &quot;Amazon Ember&quot;, Arial, sans-serif; margin-bottom: 0px !important; font-size: 24px !important; line-height: 32px !important;\"><span id=\"productTitle\" class=\"a-size-large product-title-word-break\" style=\"box-sizing: border-box; text-rendering: optimizelegibility; word-break: break-word; line-height: 32px !important;\">Samsung Galaxy A14 5G (Light Green, 6GB, 128GB Storage) | Triple Rear Camera (50 MP Main) | Upto 12 GB RAM with RAM Plus | Without Charger</span></h1>', 'a14 5g.jpg', '1 a14 5g.jpg', '2 a14 5g.jpg', 50, 'In Stock', '2023-08-23 03:50:14', NULL),
(32, 8, 23, 'Samsung Galaxy S23 5G (Lavender, 8GB, 256GB Storage)', 'SAMSUNG', 80999, 95999, '<table class=\"a-normal a-spacing-micro\" style=\"width: 366.812px; color: rgb(15, 17, 17); font-family: &quot;Amazon Ember&quot;, Arial, sans-serif; font-size: 14px; background-color: rgb(255, 255, 255); margin-bottom: 0px !important;\"><tbody style=\"box-sizing: border-box;\"><tr class=\"a-spacing-small po-brand\" style=\"box-sizing: border-box; margin-bottom: 8px !important;\"><td class=\"a-span3\" style=\"vertical-align: top; padding: 0px 3px 3px 0px; margin-right: 0px; width: 96.0312px;\"><span class=\"a-size-base a-text-bold\" style=\"box-sizing: border-box; font-weight: 700 !important; line-height: 20px !important;\">Brand</span></td><td class=\"a-span9\" style=\"vertical-align: top; padding: 0px 0px 3px 3px; margin-right: 0px; width: 270.781px;\"><span class=\"a-size-base po-break-word\" style=\"box-sizing: border-box; word-break: break-word; line-height: 20px !important;\">Samsung</span></td></tr><tr class=\"a-spacing-small po-model_name\" style=\"box-sizing: border-box; margin-bottom: 8px !important;\"><td class=\"a-span3\" style=\"vertical-align: top; padding: 3px 3px 3px 0px; margin-right: 0px; width: 96.0312px;\"><span class=\"a-size-base a-text-bold\" style=\"box-sizing: border-box; font-weight: 700 !important; line-height: 20px !important;\">Model Name</span></td><td class=\"a-span9\" style=\"vertical-align: top; padding: 3px 0px 3px 3px; margin-right: 0px; width: 270.781px;\"><span class=\"a-size-base po-break-word\" style=\"box-sizing: border-box; word-break: break-word; line-height: 20px !important;\">Samsung Galaxy S23</span></td></tr><tr class=\"a-spacing-small po-wireless_provider\" style=\"box-sizing: border-box; margin-bottom: 8px !important;\"><td class=\"a-span3\" style=\"vertical-align: top; padding: 3px 3px 3px 0px; margin-right: 0px; width: 96.0312px;\"><span class=\"a-size-base a-text-bold\" style=\"box-sizing: border-box; font-weight: 700 !important; line-height: 20px !important;\">Network Service Provider</span></td><td class=\"a-span9\" style=\"vertical-align: top; padding: 3px 0px 3px 3px; margin-right: 0px; width: 270.781px;\"><span class=\"a-size-base po-break-word\" style=\"box-sizing: border-box; word-break: break-word; line-height: 20px !important;\">Unlocked for All Carriers</span></td></tr><tr class=\"a-spacing-small po-operating_system\" style=\"box-sizing: border-box; margin-bottom: 8px !important;\"><td class=\"a-span3\" style=\"vertical-align: top; padding: 3px 3px 3px 0px; margin-right: 0px; width: 96.0312px;\"><span class=\"a-size-base a-text-bold\" style=\"box-sizing: border-box; font-weight: 700 !important; line-height: 20px !important;\">Operating System</span></td><td class=\"a-span9\" style=\"vertical-align: top; padding: 3px 0px 3px 3px; margin-right: 0px; width: 270.781px;\"><span class=\"a-size-base po-break-word\" style=\"box-sizing: border-box; word-break: break-word; line-height: 20px !important;\">Android 13.0</span></td></tr><tr class=\"a-spacing-small po-cellular_technology\" style=\"box-sizing: border-box; margin-bottom: 8px !important;\"><td class=\"a-span3\" style=\"vertical-align: top; padding: 3px 3px 0px 0px; margin-right: 0px; width: 96.0312px;\"><span class=\"a-size-base a-text-bold\" style=\"box-sizing: border-box; font-weight: 700 !important; line-height: 20px !important;\">Cellular Technology</span></td><td class=\"a-span9\" style=\"vertical-align: top; padding: 3px 0px 0px 3px; margin-right: 0px; width: 270.781px;\"><span class=\"a-size-base po-break-word\" style=\"box-sizing: border-box; word-break: break-word; line-height: 20px !important;\">5G</span></td></tr></tbody></table>', 's23.jpg', '2 s23.jpg', '1 s23.jpg', 50, 'In Stock', '2023-08-23 03:51:54', NULL),
(33, 8, 24, 'Samsung Galaxy S23 Ultra 5G (Green, 12GB, 256GB Storage)', 'SAMSUNG', 124999, 14999, '<table class=\"a-normal a-spacing-micro\" style=\"width: 366.812px; color: rgb(15, 17, 17); font-family: &quot;Amazon Ember&quot;, Arial, sans-serif; font-size: 14px; background-color: rgb(255, 255, 255); margin-bottom: 0px !important;\"><tbody style=\"box-sizing: border-box;\"><tr class=\"a-spacing-small po-brand\" style=\"box-sizing: border-box; margin-bottom: 8px !important;\"><td class=\"a-span3\" style=\"vertical-align: top; padding: 0px 3px 3px 0px; margin-right: 0px; width: 96.0312px;\"><span class=\"a-size-base a-text-bold\" style=\"box-sizing: border-box; font-weight: 700 !important; line-height: 20px !important;\">Brand</span></td><td class=\"a-span9\" style=\"vertical-align: top; padding: 0px 0px 3px 3px; margin-right: 0px; width: 270.781px;\"><span class=\"a-size-base po-break-word\" style=\"box-sizing: border-box; word-break: break-word; line-height: 20px !important;\">Samsung</span></td></tr><tr class=\"a-spacing-small po-model_name\" style=\"box-sizing: border-box; margin-bottom: 8px !important;\"><td class=\"a-span3\" style=\"vertical-align: top; padding: 3px 3px 3px 0px; margin-right: 0px; width: 96.0312px;\"><span class=\"a-size-base a-text-bold\" style=\"box-sizing: border-box; font-weight: 700 !important; line-height: 20px !important;\">Model Name</span></td><td class=\"a-span9\" style=\"vertical-align: top; padding: 3px 0px 3px 3px; margin-right: 0px; width: 270.781px;\"><span class=\"a-size-base po-break-word\" style=\"box-sizing: border-box; word-break: break-word; line-height: 20px !important;\">Samsung Galaxy S23 Ultra</span></td></tr><tr class=\"a-spacing-small po-wireless_provider\" style=\"box-sizing: border-box; margin-bottom: 8px !important;\"><td class=\"a-span3\" style=\"vertical-align: top; padding: 3px 3px 3px 0px; margin-right: 0px; width: 96.0312px;\"><span class=\"a-size-base a-text-bold\" style=\"box-sizing: border-box; font-weight: 700 !important; line-height: 20px !important;\">Network Service Provider</span></td><td class=\"a-span9\" style=\"vertical-align: top; padding: 3px 0px 3px 3px; margin-right: 0px; width: 270.781px;\"><span class=\"a-size-base po-break-word\" style=\"box-sizing: border-box; word-break: break-word; line-height: 20px !important;\">Unlocked for All Carriers</span></td></tr><tr class=\"a-spacing-small po-operating_system\" style=\"box-sizing: border-box; margin-bottom: 8px !important;\"><td class=\"a-span3\" style=\"vertical-align: top; padding: 3px 3px 3px 0px; margin-right: 0px; width: 96.0312px;\"><span class=\"a-size-base a-text-bold\" style=\"box-sizing: border-box; font-weight: 700 !important; line-height: 20px !important;\">Operating System</span></td><td class=\"a-span9\" style=\"vertical-align: top; padding: 3px 0px 3px 3px; margin-right: 0px; width: 270.781px;\"><span class=\"a-size-base po-break-word\" style=\"box-sizing: border-box; word-break: break-word; line-height: 20px !important;\">Android 13.0</span></td></tr><tr class=\"a-spacing-small po-cellular_technology\" style=\"box-sizing: border-box; margin-bottom: 8px !important;\"><td class=\"a-span3\" style=\"vertical-align: top; padding: 3px 3px 0px 0px; margin-right: 0px; width: 96.0312px;\"><span class=\"a-size-base a-text-bold\" style=\"box-sizing: border-box; font-weight: 700 !important; line-height: 20px !important;\">Cellular Technology</span></td><td class=\"a-span9\" style=\"vertical-align: top; padding: 3px 0px 0px 3px; margin-right: 0px; width: 270.781px;\"><span class=\"a-size-base po-break-word\" style=\"box-sizing: border-box; word-break: break-word; line-height: 20px !important;\">5G</span></td></tr></tbody></table>', '1.jpg', '2 s23 ultra.jpg', '3 s23 ultra.jpg', 50, 'In Stock', '2023-08-23 03:52:51', NULL),
(34, 8, 25, 'Samsung Galaxy S22 5G (Green, 8GB, 128GB Storage) Without Offer', 'SAMSUNG', 65999, 85999, '<table class=\"a-normal a-spacing-micro\" style=\"width: 366.812px; color: rgb(15, 17, 17); font-family: &quot;Amazon Ember&quot;, Arial, sans-serif; font-size: 14px; background-color: rgb(255, 255, 255); margin-bottom: 0px !important;\"><tbody style=\"box-sizing: border-box;\"><tr class=\"a-spacing-small po-brand\" style=\"box-sizing: border-box; margin-bottom: 8px !important;\"><td class=\"a-span3\" style=\"vertical-align: top; padding: 0px 3px 3px 0px; margin-right: 0px; width: 96.0312px;\"><span class=\"a-size-base a-text-bold\" style=\"box-sizing: border-box; font-weight: 700 !important; line-height: 20px !important;\">Brand</span></td><td class=\"a-span9\" style=\"vertical-align: top; padding: 0px 0px 3px 3px; margin-right: 0px; width: 270.781px;\"><span class=\"a-size-base po-break-word\" style=\"box-sizing: border-box; word-break: break-word; line-height: 20px !important;\">Samsung</span></td></tr><tr class=\"a-spacing-small po-model_name\" style=\"box-sizing: border-box; margin-bottom: 8px !important;\"><td class=\"a-span3\" style=\"vertical-align: top; padding: 3px 3px 3px 0px; margin-right: 0px; width: 96.0312px;\"><span class=\"a-size-base a-text-bold\" style=\"box-sizing: border-box; font-weight: 700 !important; line-height: 20px !important;\">Model Name</span></td><td class=\"a-span9\" style=\"vertical-align: top; padding: 3px 0px 3px 3px; margin-right: 0px; width: 270.781px;\"><span class=\"a-size-base po-break-word\" style=\"box-sizing: border-box; word-break: break-word; line-height: 20px !important;\">Samsung Galaxy S22 5G</span></td></tr><tr class=\"a-spacing-small po-wireless_provider\" style=\"box-sizing: border-box; margin-bottom: 8px !important;\"><td class=\"a-span3\" style=\"vertical-align: top; padding: 3px 3px 3px 0px; margin-right: 0px; width: 96.0312px;\"><span class=\"a-size-base a-text-bold\" style=\"box-sizing: border-box; font-weight: 700 !important; line-height: 20px !important;\">Network Service Provider</span></td><td class=\"a-span9\" style=\"vertical-align: top; padding: 3px 0px 3px 3px; margin-right: 0px; width: 270.781px;\"><span class=\"a-size-base po-break-word\" style=\"box-sizing: border-box; word-break: break-word; line-height: 20px !important;\">Unlocked for All Carriers</span></td></tr><tr class=\"a-spacing-small po-operating_system\" style=\"box-sizing: border-box; margin-bottom: 8px !important;\"><td class=\"a-span3\" style=\"vertical-align: top; padding: 3px 3px 3px 0px; margin-right: 0px; width: 96.0312px;\"><span class=\"a-size-base a-text-bold\" style=\"box-sizing: border-box; font-weight: 700 !important; line-height: 20px !important;\">Operating System</span></td><td class=\"a-span9\" style=\"vertical-align: top; padding: 3px 0px 3px 3px; margin-right: 0px; width: 270.781px;\"><span class=\"a-size-base po-break-word\" style=\"box-sizing: border-box; word-break: break-word; line-height: 20px !important;\">Android 12.0</span></td></tr><tr class=\"a-spacing-small po-cellular_technology\" style=\"box-sizing: border-box; margin-bottom: 8px !important;\"><td class=\"a-span3\" style=\"vertical-align: top; padding: 3px 3px 0px 0px; margin-right: 0px; width: 96.0312px;\"><span class=\"a-size-base a-text-bold\" style=\"box-sizing: border-box; font-weight: 700 !important; line-height: 20px !important;\">Cellular Technology</span></td><td class=\"a-span9\" style=\"vertical-align: top; padding: 3px 0px 0px 3px; margin-right: 0px; width: 270.781px;\"><span class=\"a-size-base po-break-word\" style=\"box-sizing: border-box; word-break: break-word; line-height: 20px !important;\">5G</span></td></tr></tbody></table>', '1.jpg', '2.jpg', '3.jpg', 50, 'In Stock', '2023-08-23 03:53:46', NULL),
(35, 9, 26, '12th Gen i7 EvoTM 15.6(39cm) Touchscreen', 'SAMSUNG', 130999, 149999, '<table class=\"a-normal a-spacing-micro\" style=\"width: 544.062px; color: rgb(15, 17, 17); font-family: &quot;Amazon Ember&quot;, Arial, sans-serif; font-size: 14px; background-color: rgb(255, 255, 255); margin-bottom: 0px !important;\"><tbody style=\"box-sizing: border-box;\"><tr class=\"a-spacing-small po-brand\" style=\"box-sizing: border-box; margin-bottom: 8px !important;\"><td class=\"a-span3\" style=\"vertical-align: top; padding: 0px 3px 3px 0px; margin-right: 0px; width: 130.297px;\"><span class=\"a-size-base a-text-bold\" style=\"box-sizing: border-box; font-weight: 700 !important; line-height: 20px !important;\">Brand</span></td><td class=\"a-span9\" style=\"vertical-align: top; padding: 0px 0px 3px 3px; margin-right: 0px; width: 413.766px;\"><span class=\"a-size-base po-break-word\" style=\"box-sizing: border-box; word-break: break-word; line-height: 20px !important;\">Samsung</span></td></tr><tr class=\"a-spacing-small po-model_name\" style=\"box-sizing: border-box; margin-bottom: 8px !important;\"><td class=\"a-span3\" style=\"vertical-align: top; padding: 3px 3px 3px 0px; margin-right: 0px; width: 130.297px;\"><span class=\"a-size-base a-text-bold\" style=\"box-sizing: border-box; font-weight: 700 !important; line-height: 20px !important;\">Model Name</span></td><td class=\"a-span9\" style=\"vertical-align: top; padding: 3px 0px 3px 3px; margin-right: 0px; width: 413.766px;\"><span class=\"a-size-base po-break-word\" style=\"box-sizing: border-box; word-break: break-word; line-height: 20px !important;\">Galaxy Book2 Pro</span></td></tr><tr class=\"a-spacing-small po-display.size\" style=\"box-sizing: border-box; margin-bottom: 8px !important;\"><td class=\"a-span3\" style=\"vertical-align: top; padding: 3px 3px 3px 0px; margin-right: 0px; width: 130.297px;\"><span class=\"a-size-base a-text-bold\" style=\"box-sizing: border-box; font-weight: 700 !important; line-height: 20px !important;\">Screen Size</span></td><td class=\"a-span9\" style=\"vertical-align: top; padding: 3px 0px 3px 3px; margin-right: 0px; width: 413.766px;\"><span class=\"a-size-base po-break-word\" style=\"box-sizing: border-box; word-break: break-word; line-height: 20px !important;\">15.6 Inches</span></td></tr><tr class=\"a-spacing-small po-color\" style=\"box-sizing: border-box; margin-bottom: 8px !important;\"><td class=\"a-span3\" style=\"vertical-align: top; padding: 3px 3px 3px 0px; margin-right: 0px; width: 130.297px;\"><span class=\"a-size-base a-text-bold\" style=\"box-sizing: border-box; font-weight: 700 !important; line-height: 20px !important;\">Colour</span></td><td class=\"a-span9\" style=\"vertical-align: top; padding: 3px 0px 3px 3px; margin-right: 0px; width: 413.766px;\"><span class=\"a-size-base po-break-word\" style=\"box-sizing: border-box; word-break: break-word; line-height: 20px !important;\">Graphite</span></td></tr><tr class=\"a-spacing-small po-hard_disk.size\" style=\"box-sizing: border-box; margin-bottom: 8px !important;\"><td class=\"a-span3\" style=\"vertical-align: top; padding: 3px 3px 3px 0px; margin-right: 0px; width: 130.297px;\"><span class=\"a-size-base a-text-bold\" style=\"box-sizing: border-box; font-weight: 700 !important; line-height: 20px !important;\">Hard Disk Size</span></td><td class=\"a-span9\" style=\"vertical-align: top; padding: 3px 0px 3px 3px; margin-right: 0px; width: 413.766px;\"><span class=\"a-size-base po-break-word\" style=\"box-sizing: border-box; word-break: break-word; line-height: 20px !important;\">512 GB</span></td></tr><tr class=\"a-spacing-small po-cpu_model.family\" style=\"box-sizing: border-box; margin-bottom: 8px !important;\"><td class=\"a-span3\" style=\"vertical-align: top; padding: 3px 3px 3px 0px; margin-right: 0px; width: 130.297px;\"><span class=\"a-size-base a-text-bold\" style=\"box-sizing: border-box; font-weight: 700 !important; line-height: 20px !important;\">CPU Model</span></td><td class=\"a-span9\" style=\"vertical-align: top; padding: 3px 0px 3px 3px; margin-right: 0px; width: 413.766px;\"><span class=\"a-size-base po-break-word\" style=\"box-sizing: border-box; word-break: break-word; line-height: 20px !important;\">Core i7</span></td></tr><tr class=\"a-spacing-small po-ram_memory.installed_size\" style=\"box-sizing: border-box; margin-bottom: 8px !important;\"><td class=\"a-span3\" style=\"vertical-align: top; padding: 3px 3px 3px 0px; margin-right: 0px; width: 130.297px;\"><span class=\"a-size-base a-text-bold\" style=\"box-sizing: border-box; font-weight: 700 !important; line-height: 20px !important;\">RAM Memory Installed Size</span></td><td class=\"a-span9\" style=\"vertical-align: top; padding: 3px 0px 3px 3px; margin-right: 0px; width: 413.766px;\"><span class=\"a-size-base po-break-word\" style=\"box-sizing: border-box; word-break: break-word; line-height: 20px !important;\">16 GB</span></td></tr><tr class=\"a-spacing-small po-operating_system\" style=\"box-sizing: border-box; margin-bottom: 8px !important;\"><td class=\"a-span3\" style=\"vertical-align: top; padding: 3px 3px 3px 0px; margin-right: 0px; width: 130.297px;\"><span class=\"a-size-base a-text-bold\" style=\"box-sizing: border-box; font-weight: 700 !important; line-height: 20px !important;\">Operating System</span></td><td class=\"a-span9\" style=\"vertical-align: top; padding: 3px 0px 3px 3px; margin-right: 0px; width: 413.766px;\"><span class=\"a-size-base po-break-word\" style=\"box-sizing: border-box; word-break: break-word; line-height: 20px !important;\">Windows 11 Home</span></td></tr><tr class=\"a-spacing-small po-special_feature\" style=\"box-sizing: border-box; margin-bottom: 8px !important;\"><td class=\"a-span3\" style=\"vertical-align: top; padding: 3px 3px 3px 0px; margin-right: 0px; width: 130.297px;\"><span class=\"a-size-base a-text-bold\" style=\"box-sizing: border-box; font-weight: 700 !important; line-height: 20px !important;\">Special Feature</span></td><td class=\"a-span9\" style=\"vertical-align: top; padding: 3px 0px 3px 3px; margin-right: 0px; width: 413.766px;\"><span class=\"a-size-base po-break-word\" style=\"box-sizing: border-box; word-break: break-word; line-height: 20px !important;\">Fingerprint Reader, Backlit Keyboard, Anti Glare Coating</span></td></tr><tr class=\"a-spacing-small po-graphics_description\" style=\"box-sizing: border-box; margin-bottom: 8px !important;\"><td class=\"a-span3\" style=\"vertical-align: top; padding: 3px 3px 0px 0px; margin-right: 0px; width: 130.297px;\"><span class=\"a-size-base a-text-bold\" style=\"box-sizing: border-box; font-weight: 700 !important; line-height: 20px !important;\">Graphics Card Description</span></td><td class=\"a-span9\" style=\"vertical-align: top; padding: 3px 0px 0px 3px; margin-right: 0px; width: 413.766px;\"><span class=\"a-size-base po-break-word\" style=\"box-sizing: border-box; word-break: break-word; line-height: 20px !important;\">Integrated</span></td></tr></tbody></table>', '1.jpg', '5.jpg', '4.jpg', 50, 'In Stock', '2023-08-23 03:56:45', NULL);
INSERT INTO `products` (`id`, `category`, `subCategory`, `productName`, `productCompany`, `productPrice`, `productPriceBeforeDiscount`, `productDescription`, `productImage1`, `productImage2`, `productImage3`, `shippingCharge`, `productAvailability`, `postingDate`, `updationDate`) VALUES
(36, 9, 27, 'Samsung Galaxy Book2 (NP750) Intel 12th Gen core i5 ', 'SAMSUNG', 73999, 83999, '<h1 id=\"title\" class=\"a-size-large a-spacing-none\" style=\"box-sizing: border-box; padding: 0px; font-weight: 400; color: rgb(15, 17, 17); font-family: &quot;Amazon Ember&quot;, Arial, sans-serif; margin-bottom: 0px !important; font-size: 24px !important; line-height: 32px !important;\"><table class=\"a-normal a-spacing-micro\" style=\"width: 366.812px; font-size: 14px; background-color: rgb(255, 255, 255); margin-bottom: 0px !important;\"><tbody style=\"box-sizing: border-box;\"><tr class=\"a-spacing-small po-brand\" style=\"box-sizing: border-box; margin-bottom: 8px !important;\"><td class=\"a-span3\" style=\"vertical-align: top; padding: 0px 3px 3px 0px; margin-right: 0px; width: 87.8438px;\"><span class=\"a-size-base a-text-bold\" style=\"box-sizing: border-box; font-weight: 700 !important; line-height: 20px !important;\">Brand</span></td><td class=\"a-span9\" style=\"vertical-align: top; padding: 0px 0px 3px 3px; margin-right: 0px; width: 278.969px;\"><span class=\"a-size-base po-break-word\" style=\"box-sizing: border-box; word-break: break-word; line-height: 20px !important;\">Samsung</span></td></tr><tr class=\"a-spacing-small po-model_name\" style=\"box-sizing: border-box; margin-bottom: 8px !important;\"><td class=\"a-span3\" style=\"vertical-align: top; padding: 3px 3px 3px 0px; margin-right: 0px; width: 87.8438px;\"><span class=\"a-size-base a-text-bold\" style=\"box-sizing: border-box; font-weight: 700 !important; line-height: 20px !important;\">Model Name</span></td><td class=\"a-span9\" style=\"vertical-align: top; padding: 3px 0px 3px 3px; margin-right: 0px; width: 278.969px;\"><span class=\"a-size-base po-break-word\" style=\"box-sizing: border-box; word-break: break-word; line-height: 20px !important;\">Galaxy Book2</span></td></tr><tr class=\"a-spacing-small po-display.size\" style=\"box-sizing: border-box; margin-bottom: 8px !important;\"><td class=\"a-span3\" style=\"vertical-align: top; padding: 3px 3px 3px 0px; margin-right: 0px; width: 87.8438px;\"><span class=\"a-size-base a-text-bold\" style=\"box-sizing: border-box; font-weight: 700 !important; line-height: 20px !important;\">Screen Size</span></td><td class=\"a-span9\" style=\"vertical-align: top; padding: 3px 0px 3px 3px; margin-right: 0px; width: 278.969px;\"><span class=\"a-size-base po-break-word\" style=\"box-sizing: border-box; word-break: break-word; line-height: 20px !important;\">15.6 Inches</span></td></tr><tr class=\"a-spacing-small po-color\" style=\"box-sizing: border-box; margin-bottom: 8px !important;\"><td class=\"a-span3\" style=\"vertical-align: top; padding: 3px 3px 3px 0px; margin-right: 0px; width: 87.8438px;\"><span class=\"a-size-base a-text-bold\" style=\"box-sizing: border-box; font-weight: 700 !important; line-height: 20px !important;\">Colour</span></td><td class=\"a-span9\" style=\"vertical-align: top; padding: 3px 0px 3px 3px; margin-right: 0px; width: 278.969px;\"><span class=\"a-size-base po-break-word\" style=\"box-sizing: border-box; word-break: break-word; line-height: 20px !important;\">Silver</span></td></tr><tr class=\"a-spacing-small po-cpu_model.family\" style=\"box-sizing: border-box; margin-bottom: 8px !important;\"><td class=\"a-span3\" style=\"vertical-align: top; padding: 3px 3px 3px 0px; margin-right: 0px; width: 87.8438px;\"><span class=\"a-size-base a-text-bold\" style=\"box-sizing: border-box; font-weight: 700 !important; line-height: 20px !important;\">CPU Model</span></td><td class=\"a-span9\" style=\"vertical-align: top; padding: 3px 0px 3px 3px; margin-right: 0px; width: 278.969px;\"><span class=\"a-size-base po-break-word\" style=\"box-sizing: border-box; word-break: break-word; line-height: 20px !important;\">Core i5</span></td></tr><tr class=\"a-spacing-small po-ram_memory.installed_size\" style=\"box-sizing: border-box; margin-bottom: 8px !important;\"><td class=\"a-span3\" style=\"vertical-align: top; padding: 3px 3px 3px 0px; margin-right: 0px; width: 87.8438px;\"><span class=\"a-size-base a-text-bold\" style=\"box-sizing: border-box; font-weight: 700 !important; line-height: 20px !important;\">RAM Memory Installed Size</span></td><td class=\"a-span9\" style=\"vertical-align: top; padding: 3px 0px 3px 3px; margin-right: 0px; width: 278.969px;\"><span class=\"a-size-base po-break-word\" style=\"box-sizing: border-box; word-break: break-word; line-height: 20px !important;\">8 GB</span></td></tr><tr class=\"a-spacing-small po-operating_system\" style=\"box-sizing: border-box; margin-bottom: 8px !important;\"><td class=\"a-span3\" style=\"vertical-align: top; padding: 3px 3px 3px 0px; margin-right: 0px; width: 87.8438px;\"><span class=\"a-size-base a-text-bold\" style=\"box-sizing: border-box; font-weight: 700 !important; line-height: 20px !important;\">Operating System</span></td><td class=\"a-span9\" style=\"vertical-align: top; padding: 3px 0px 3px 3px; margin-right: 0px; width: 278.969px;\"><span class=\"a-size-base po-break-word\" style=\"box-sizing: border-box; word-break: break-word; line-height: 20px !important;\">Windows 11 Home</span></td></tr><tr class=\"a-spacing-small po-special_feature\" style=\"box-sizing: border-box; margin-bottom: 8px !important;\"><td class=\"a-span3\" style=\"vertical-align: top; padding: 3px 3px 3px 0px; margin-right: 0px; width: 87.8438px;\"><span class=\"a-size-base a-text-bold\" style=\"box-sizing: border-box; font-weight: 700 !important; line-height: 20px !important;\">Special Feature</span></td><td class=\"a-span9\" style=\"vertical-align: top; padding: 3px 0px 3px 3px; margin-right: 0px; width: 278.969px;\"><span class=\"a-size-base\" style=\"box-sizing: border-box; line-height: 20px !important;\"><span class=\"a-truncate po-truncate-attribute\" data-a-word-break=\"normal\" data-a-truncate-name=\"po-attribute-truncate-7\" data-a-max-rows=\"3\" data-a-overflow-marker=\"&amp;hellip;\" data-a-recalculate=\"false\" data-a-updated=\"true\" style=\"box-sizing: border-box; display: inline-block; position: relative; width: 275.969px; overflow: hidden; word-break: normal; max-height: 3.9em; line-height: 1.3em !important;\"><span class=\"a-truncate-full a-offscreen\" style=\"box-sizing: border-box; display: inline-block; width: 275.969px; opacity: 0; position: absolute !important; left: 0px !important; bottom: -1px !important; z-index: -1 !important;\">FHD Display, Thin, Lightweight, Backlit Keyboard, Fingerprint Reader, MicroSD Card Reader, Ambient Light Sensor, Accelerometer Sensor, Gyro Sensor, Built-in Microphone, Long Lasting</span><span class=\"a-truncate-cut\" aria-hidden=\"true\" style=\"box-sizing: border-box; display: inline-block; width: 275.969px; word-break: break-word; height: 3.9em;\">FHD Display, Thin, Lightweight, Backlit Keyboard, Fingerprint Reader, MicroSD Card Reader, Ambient Light Sensor, Accel</span></span>&nbsp;</span><span class=\"a-declarative\" data-action=\"a-modal\" data-csa-c-type=\"widget\" data-csa-c-func-deps=\"aui-da-a-modal\" data-a-modal=\"{&quot;max-height&quot;:&quot;400&quot;,&quot;width&quot;:&quot;800&quot;,&quot;header&quot;:&quot;Special Feature&quot;,&quot;inlineContent&quot;:&quot;FHD Display, Thin, Lightweight, Backlit Keyboard, Fingerprint Reader, MicroSD Card Reader, Ambient Light Sensor, Accelerometer Sensor, Gyro Sensor, Built-in Microphone, Long Lasting&quot;}\" id=\"po-attribute-see-more-id-7\" data-csa-c-id=\"m9xbfu-mirmj6-bcw76c-yt083a\" style=\"box-sizing: border-box;\"><a role=\"button\" class=\"a-popover-trigger a-declarative\" style=\"box-sizing: border-box; color: rgb(0, 113, 133);\">See more<i class=\"a-icon a-icon-popover\" style=\"box-sizing: border-box; background-image: url(&quot;https://m.media-amazon.com/images/S/sash/McBZv0ZvnbehkIx.png&quot;); background-size: 400px 900px; background-repeat: no-repeat; display: inline-block; vertical-align: text-top; margin: 5px 0px 0px 0.385em; width: 7px; height: 5px; background-position: -90px -5px; opacity: 0.6;\"></i></a></span></td></tr><tr class=\"a-spacing-small po-graphics_description\" style=\"box-sizing: border-box; margin-bottom: 8px !important;\"><td class=\"a-span3\" style=\"vertical-align: top; padding: 3px 3px 3px 0px; margin-right: 0px; width: 87.8438px;\"><span class=\"a-size-base a-text-bold\" style=\"box-sizing: border-box; font-weight: 700 !important; line-height: 20px !important;\">Graphics Card Description</span></td><td class=\"a-span9\" style=\"vertical-align: top; padding: 3px 0px 3px 3px; margin-right: 0px; width: 278.969px;\"><span class=\"a-size-base po-break-word\" style=\"box-sizing: border-box; word-break: break-word; line-height: 20px !important;\">Integrated</span></td></tr><tr class=\"a-spacing-small po-graphics_coprocessor\" style=\"box-sizing: border-box; margin-bottom: 8px !important;\"><td class=\"a-span3\" style=\"vertical-align: top; padding: 3px 3px 0px 0px; margin-right: 0px; width: 87.8438px;\"><span class=\"a-size-base a-text-bold\" style=\"box-sizing: border-box; font-weight: 700 !important; line-height: 20px !important;\">Graphics Coprocessor</span></td><td class=\"a-span9\" style=\"vertical-align: top; padding: 3px 0px 0px 3px; margin-right: 0px; width: 278.969px;\"><span class=\"a-size-base po-break-word\" style=\"box-sizing: border-box; word-break: break-word; line-height: 20px !important;\">Intel Iris Xe Graphics</span></td></tr></tbody></table></h1>', '1.jpg', '2.jpg', '3.jpg', 50, 'In Stock', '2023-08-23 03:57:59', NULL),
(37, 9, 28, 'Samsung [SmartChoice] Galaxy Book2 (NP750) Intel 12th Gen core i7', 'SAMSUNG', 80999, 95999, '<table class=\"a-normal a-spacing-micro\" style=\"width: 366.812px; color: rgb(15, 17, 17); font-family: &quot;Amazon Ember&quot;, Arial, sans-serif; font-size: 14px; background-color: rgb(255, 255, 255); margin-bottom: 0px !important;\"><tbody style=\"box-sizing: border-box;\"><tr class=\"a-spacing-small po-brand\" style=\"box-sizing: border-box; margin-bottom: 8px !important;\"><td class=\"a-span3\" style=\"vertical-align: top; padding: 0px 3px 3px 0px; margin-right: 0px; width: 87.8438px;\"><span class=\"a-size-base a-text-bold\" style=\"box-sizing: border-box; font-weight: 700 !important; line-height: 20px !important;\">Brand</span></td><td class=\"a-span9\" style=\"vertical-align: top; padding: 0px 0px 3px 3px; margin-right: 0px; width: 278.969px;\"><span class=\"a-size-base po-break-word\" style=\"box-sizing: border-box; word-break: break-word; line-height: 20px !important;\">Samsung</span></td></tr><tr class=\"a-spacing-small po-model_name\" style=\"box-sizing: border-box; margin-bottom: 8px !important;\"><td class=\"a-span3\" style=\"vertical-align: top; padding: 3px 3px 3px 0px; margin-right: 0px; width: 87.8438px;\"><span class=\"a-size-base a-text-bold\" style=\"box-sizing: border-box; font-weight: 700 !important; line-height: 20px !important;\">Model Name</span></td><td class=\"a-span9\" style=\"vertical-align: top; padding: 3px 0px 3px 3px; margin-right: 0px; width: 278.969px;\"><span class=\"a-size-base po-break-word\" style=\"box-sizing: border-box; word-break: break-word; line-height: 20px !important;\">Galaxy Book2</span></td></tr><tr class=\"a-spacing-small po-display.size\" style=\"box-sizing: border-box; margin-bottom: 8px !important;\"><td class=\"a-span3\" style=\"vertical-align: top; padding: 3px 3px 3px 0px; margin-right: 0px; width: 87.8438px;\"><span class=\"a-size-base a-text-bold\" style=\"box-sizing: border-box; font-weight: 700 !important; line-height: 20px !important;\">Screen Size</span></td><td class=\"a-span9\" style=\"vertical-align: top; padding: 3px 0px 3px 3px; margin-right: 0px; width: 278.969px;\"><span class=\"a-size-base po-break-word\" style=\"box-sizing: border-box; word-break: break-word; line-height: 20px !important;\">15.6 Inches</span></td></tr><tr class=\"a-spacing-small po-color\" style=\"box-sizing: border-box; margin-bottom: 8px !important;\"><td class=\"a-span3\" style=\"vertical-align: top; padding: 3px 3px 3px 0px; margin-right: 0px; width: 87.8438px;\"><span class=\"a-size-base a-text-bold\" style=\"box-sizing: border-box; font-weight: 700 !important; line-height: 20px !important;\">Colour</span></td><td class=\"a-span9\" style=\"vertical-align: top; padding: 3px 0px 3px 3px; margin-right: 0px; width: 278.969px;\"><span class=\"a-size-base po-break-word\" style=\"box-sizing: border-box; word-break: break-word; line-height: 20px !important;\">Silver</span></td></tr><tr class=\"a-spacing-small po-cpu_model.family\" style=\"box-sizing: border-box; margin-bottom: 8px !important;\"><td class=\"a-span3\" style=\"vertical-align: top; padding: 3px 3px 3px 0px; margin-right: 0px; width: 87.8438px;\"><span class=\"a-size-base a-text-bold\" style=\"box-sizing: border-box; font-weight: 700 !important; line-height: 20px !important;\">CPU Model</span></td><td class=\"a-span9\" style=\"vertical-align: top; padding: 3px 0px 3px 3px; margin-right: 0px; width: 278.969px;\"><span class=\"a-size-base po-break-word\" style=\"box-sizing: border-box; word-break: break-word; line-height: 20px !important;\">Core i7</span></td></tr><tr class=\"a-spacing-small po-ram_memory.installed_size\" style=\"box-sizing: border-box; margin-bottom: 8px !important;\"><td class=\"a-span3\" style=\"vertical-align: top; padding: 3px 3px 3px 0px; margin-right: 0px; width: 87.8438px;\"><span class=\"a-size-base a-text-bold\" style=\"box-sizing: border-box; font-weight: 700 !important; line-height: 20px !important;\">RAM Memory Installed Size</span></td><td class=\"a-span9\" style=\"vertical-align: top; padding: 3px 0px 3px 3px; margin-right: 0px; width: 278.969px;\"><span class=\"a-size-base po-break-word\" style=\"box-sizing: border-box; word-break: break-word; line-height: 20px !important;\">16 GB</span></td></tr><tr class=\"a-spacing-small po-operating_system\" style=\"box-sizing: border-box; margin-bottom: 8px !important;\"><td class=\"a-span3\" style=\"vertical-align: top; padding: 3px 3px 3px 0px; margin-right: 0px; width: 87.8438px;\"><span class=\"a-size-base a-text-bold\" style=\"box-sizing: border-box; font-weight: 700 !important; line-height: 20px !important;\">Operating System</span></td><td class=\"a-span9\" style=\"vertical-align: top; padding: 3px 0px 3px 3px; margin-right: 0px; width: 278.969px;\"><span class=\"a-size-base po-break-word\" style=\"box-sizing: border-box; word-break: break-word; line-height: 20px !important;\">Windows 11 Home</span></td></tr><tr class=\"a-spacing-small po-special_feature\" style=\"box-sizing: border-box; margin-bottom: 8px !important;\"><td class=\"a-span3\" style=\"vertical-align: top; padding: 3px 3px 3px 0px; margin-right: 0px; width: 87.8438px;\"><span class=\"a-size-base a-text-bold\" style=\"box-sizing: border-box; font-weight: 700 !important; line-height: 20px !important;\">Special Feature</span></td><td class=\"a-span9\" style=\"vertical-align: top; padding: 3px 0px 3px 3px; margin-right: 0px; width: 278.969px;\"><span class=\"a-size-base\" style=\"box-sizing: border-box; line-height: 20px !important;\"><span class=\"a-truncate po-truncate-attribute\" data-a-word-break=\"normal\" data-a-truncate-name=\"po-attribute-truncate-7\" data-a-max-rows=\"3\" data-a-overflow-marker=\"&amp;hellip;\" data-a-recalculate=\"false\" data-a-updated=\"true\" style=\"box-sizing: border-box; display: inline-block; position: relative; width: 275.969px; overflow: hidden; word-break: normal; max-height: 3.9em; line-height: 1.3em !important;\"><span class=\"a-truncate-full a-offscreen\" style=\"box-sizing: border-box; display: inline-block; width: 275.969px; opacity: 0; position: absolute !important; left: 0px !important; bottom: -1px !important; z-index: -1 !important;\">FHD Display, Thin, Lightweight, Backlit Keyboard, Fingerprint Reader, MicroSD Card Reader, Ambient Light Sensor, Accelerometer Sensor, Gyro Sensor, Built-in Microphone, Long Lasting</span><span class=\"a-truncate-cut\" aria-hidden=\"true\" style=\"box-sizing: border-box; display: inline-block; width: 275.969px; word-break: break-word; height: 3.9em;\">FHD Display, Thin, Lightweight, Backlit Keyboard, Fingerprint Reader, MicroSD Card Reader, Ambient Light Sensor, Accel</span></span>&nbsp;</span><span class=\"a-declarative\" data-action=\"a-modal\" data-csa-c-type=\"widget\" data-csa-c-func-deps=\"aui-da-a-modal\" data-a-modal=\"{&quot;max-height&quot;:&quot;400&quot;,&quot;width&quot;:&quot;800&quot;,&quot;header&quot;:&quot;Special Feature&quot;,&quot;inlineContent&quot;:&quot;FHD Display, Thin, Lightweight, Backlit Keyboard, Fingerprint Reader, MicroSD Card Reader, Ambient Light Sensor, Accelerometer Sensor, Gyro Sensor, Built-in Microphone, Long Lasting&quot;}\" id=\"po-attribute-see-more-id-7\" data-csa-c-id=\"h0zqkc-k8yshi-s6qien-hnlv3y\" style=\"box-sizing: border-box;\"><a role=\"button\" class=\"a-popover-trigger a-declarative\" style=\"box-sizing: border-box; color: rgb(0, 113, 133);\">See more<i class=\"a-icon a-icon-popover\" style=\"box-sizing: border-box; background-image: url(&quot;https://m.media-amazon.com/images/S/sash/McBZv0ZvnbehkIx.png&quot;); background-size: 400px 900px; background-repeat: no-repeat; display: inline-block; vertical-align: text-top; margin: 5px 0px 0px 0.385em; width: 7px; height: 5px; background-position: -90px -5px; opacity: 0.6;\"></i></a></span></td></tr><tr class=\"a-spacing-small po-graphics_description\" style=\"box-sizing: border-box; margin-bottom: 8px !important;\"><td class=\"a-span3\" style=\"vertical-align: top; padding: 3px 3px 3px 0px; margin-right: 0px; width: 87.8438px;\"><span class=\"a-size-base a-text-bold\" style=\"box-sizing: border-box; font-weight: 700 !important; line-height: 20px !important;\">Graphics Card Description</span></td><td class=\"a-span9\" style=\"vertical-align: top; padding: 3px 0px 3px 3px; margin-right: 0px; width: 278.969px;\"><span class=\"a-size-base po-break-word\" style=\"box-sizing: border-box; word-break: break-word; line-height: 20px !important;\">Integrated</span></td></tr><tr class=\"a-spacing-small po-graphics_coprocessor\" style=\"box-sizing: border-box; margin-bottom: 8px !important;\"><td class=\"a-span3\" style=\"vertical-align: top; padding: 3px 3px 0px 0px; margin-right: 0px; width: 87.8438px;\"><span class=\"a-size-base a-text-bold\" style=\"box-sizing: border-box; font-weight: 700 !important; line-height: 20px !important;\">Graphics Coprocessor</span></td><td class=\"a-span9\" style=\"vertical-align: top; padding: 3px 0px 0px 3px; margin-right: 0px; width: 278.969px;\"><span class=\"a-size-base po-break-word\" style=\"box-sizing: border-box; word-break: break-word; line-height: 20px !important;\">Intel Iris Xe Graphics</span></td></tr></tbody></table>', '2.jpg', '4.jpg', '3.jpg', 50, 'In Stock', '2023-08-23 03:58:55', NULL),
(38, 9, 29, 'Samsung Galaxy Book3 360 Intel 13th Gen i5', 'SAMSUNG', 124999, 143999, '<table class=\"a-normal a-spacing-micro\" style=\"width: 432.469px; color: rgb(15, 17, 17); font-family: &quot;Amazon Ember&quot;, Arial, sans-serif; font-size: 14px; background-color: rgb(255, 255, 255); margin-bottom: 0px !important;\"><tbody style=\"box-sizing: border-box;\"><tr class=\"a-spacing-small po-brand\" style=\"box-sizing: border-box; margin-bottom: 8px !important;\"><td class=\"a-span3\" style=\"vertical-align: top; padding: 0px 3px 3px 0px; margin-right: 0px; width: 103.562px;\"><span class=\"a-size-base a-text-bold\" style=\"box-sizing: border-box; font-weight: 700 !important; line-height: 20px !important;\">Brand</span></td><td class=\"a-span9\" style=\"vertical-align: top; padding: 0px 0px 3px 3px; margin-right: 0px; width: 328.906px;\"><span class=\"a-size-base po-break-word\" style=\"box-sizing: border-box; word-break: break-word; line-height: 20px !important;\">Samsung</span></td></tr><tr class=\"a-spacing-small po-model_name\" style=\"box-sizing: border-box; margin-bottom: 8px !important;\"><td class=\"a-span3\" style=\"vertical-align: top; padding: 3px 3px 3px 0px; margin-right: 0px; width: 103.562px;\"><span class=\"a-size-base a-text-bold\" style=\"box-sizing: border-box; font-weight: 700 !important; line-height: 20px !important;\">Model Name</span></td><td class=\"a-span9\" style=\"vertical-align: top; padding: 3px 0px 3px 3px; margin-right: 0px; width: 328.906px;\"><span class=\"a-size-base po-break-word\" style=\"box-sizing: border-box; word-break: break-word; line-height: 20px !important;\">Galaxy Book3 360</span></td></tr><tr class=\"a-spacing-small po-display.size\" style=\"box-sizing: border-box; margin-bottom: 8px !important;\"><td class=\"a-span3\" style=\"vertical-align: top; padding: 3px 3px 3px 0px; margin-right: 0px; width: 103.562px;\"><span class=\"a-size-base a-text-bold\" style=\"box-sizing: border-box; font-weight: 700 !important; line-height: 20px !important;\">Screen Size</span></td><td class=\"a-span9\" style=\"vertical-align: top; padding: 3px 0px 3px 3px; margin-right: 0px; width: 328.906px;\"><span class=\"a-size-base po-break-word\" style=\"box-sizing: border-box; word-break: break-word; line-height: 20px !important;\">39.6 Centimetres</span></td></tr><tr class=\"a-spacing-small po-color\" style=\"box-sizing: border-box; margin-bottom: 8px !important;\"><td class=\"a-span3\" style=\"vertical-align: top; padding: 3px 3px 3px 0px; margin-right: 0px; width: 103.562px;\"><span class=\"a-size-base a-text-bold\" style=\"box-sizing: border-box; font-weight: 700 !important; line-height: 20px !important;\">Colour</span></td><td class=\"a-span9\" style=\"vertical-align: top; padding: 3px 0px 3px 3px; margin-right: 0px; width: 328.906px;\"><span class=\"a-size-base po-break-word\" style=\"box-sizing: border-box; word-break: break-word; line-height: 20px !important;\">Graphite</span></td></tr><tr class=\"a-spacing-small po-hard_disk.size\" style=\"box-sizing: border-box; margin-bottom: 8px !important;\"><td class=\"a-span3\" style=\"vertical-align: top; padding: 3px 3px 3px 0px; margin-right: 0px; width: 103.562px;\"><span class=\"a-size-base a-text-bold\" style=\"box-sizing: border-box; font-weight: 700 !important; line-height: 20px !important;\">Hard Disk Size</span></td><td class=\"a-span9\" style=\"vertical-align: top; padding: 3px 0px 3px 3px; margin-right: 0px; width: 328.906px;\"><span class=\"a-size-base po-break-word\" style=\"box-sizing: border-box; word-break: break-word; line-height: 20px !important;\">512 GB</span></td></tr><tr class=\"a-spacing-small po-cpu_model.family\" style=\"box-sizing: border-box; margin-bottom: 8px !important;\"><td class=\"a-span3\" style=\"vertical-align: top; padding: 3px 3px 3px 0px; margin-right: 0px; width: 103.562px;\"><span class=\"a-size-base a-text-bold\" style=\"box-sizing: border-box; font-weight: 700 !important; line-height: 20px !important;\">CPU Model</span></td><td class=\"a-span9\" style=\"vertical-align: top; padding: 3px 0px 3px 3px; margin-right: 0px; width: 328.906px;\"><span class=\"a-size-base po-break-word\" style=\"box-sizing: border-box; word-break: break-word; line-height: 20px !important;\">Others</span></td></tr><tr class=\"a-spacing-small po-ram_memory.installed_size\" style=\"box-sizing: border-box; margin-bottom: 8px !important;\"><td class=\"a-span3\" style=\"vertical-align: top; padding: 3px 3px 3px 0px; margin-right: 0px; width: 103.562px;\"><span class=\"a-size-base a-text-bold\" style=\"box-sizing: border-box; font-weight: 700 !important; line-height: 20px !important;\">RAM Memory Installed Size</span></td><td class=\"a-span9\" style=\"vertical-align: top; padding: 3px 0px 3px 3px; margin-right: 0px; width: 328.906px;\"><span class=\"a-size-base po-break-word\" style=\"box-sizing: border-box; word-break: break-word; line-height: 20px !important;\">16 GB</span></td></tr><tr class=\"a-spacing-small po-operating_system\" style=\"box-sizing: border-box; margin-bottom: 8px !important;\"><td class=\"a-span3\" style=\"vertical-align: top; padding: 3px 3px 3px 0px; margin-right: 0px; width: 103.562px;\"><span class=\"a-size-base a-text-bold\" style=\"box-sizing: border-box; font-weight: 700 !important; line-height: 20px !important;\">Operating System</span></td><td class=\"a-span9\" style=\"vertical-align: top; padding: 3px 0px 3px 3px; margin-right: 0px; width: 328.906px;\"><span class=\"a-size-base po-break-word\" style=\"box-sizing: border-box; word-break: break-word; line-height: 20px !important;\">Windows 11 Home</span></td></tr><tr class=\"a-spacing-small po-special_feature\" style=\"box-sizing: border-box; margin-bottom: 8px !important;\"><td class=\"a-span3\" style=\"vertical-align: top; padding: 3px 3px 3px 0px; margin-right: 0px; width: 103.562px;\"><span class=\"a-size-base a-text-bold\" style=\"box-sizing: border-box; font-weight: 700 !important; line-height: 20px !important;\">Special Feature</span></td><td class=\"a-span9\" style=\"vertical-align: top; padding: 3px 0px 3px 3px; margin-right: 0px; width: 328.906px;\"><span class=\"a-size-base po-break-word\" style=\"box-sizing: border-box; word-break: break-word; line-height: 20px !important;\">Fingerprint Reader</span></td></tr><tr class=\"a-spacing-small po-graphics_description\" style=\"box-sizing: border-box; margin-bottom: 8px !important;\"><td class=\"a-span3\" style=\"vertical-align: top; padding: 3px 3px 0px 0px; margin-right: 0px; width: 103.562px;\"><span class=\"a-size-base a-text-bold\" style=\"box-sizing: border-box; font-weight: 700 !important; line-height: 20px !important;\">Graphics Card Description</span></td><td class=\"a-span9\" style=\"vertical-align: top; padding: 3px 0px 0px 3px; margin-right: 0px; width: 328.906px;\"><span class=\"a-size-base po-break-word\" style=\"box-sizing: border-box; word-break: break-word; line-height: 20px !important;\">Integrated</span></td></tr></tbody></table>', '3.jpg', '2.jpg', '4.jpg', 50, 'In Stock', '2023-08-23 03:59:52', NULL),
(39, 10, 30, 'Samsung 183 L 2 Star Digital Inverter Direct Cool Single Door Refrigerator', 'SAMSUNG', 13999, 17999, '<table class=\"a-normal a-spacing-micro\" style=\"width: 432.469px; color: rgb(15, 17, 17); font-family: &quot;Amazon Ember&quot;, Arial, sans-serif; font-size: 14px; background-color: rgb(255, 255, 255); margin-bottom: 0px !important;\"><tbody style=\"box-sizing: border-box;\"><tr class=\"a-spacing-small po-item_depth_width_height\" style=\"box-sizing: border-box; margin-bottom: 8px !important;\"><td class=\"a-span3\" style=\"vertical-align: top; padding: 0px 3px 3px 0px; margin-right: 0px; width: 113.219px;\"><span class=\"a-size-base a-text-bold\" style=\"box-sizing: border-box; font-weight: 700 !important; line-height: 20px !important;\">Product Dimensions</span></td><td class=\"a-span9\" style=\"vertical-align: top; padding: 0px 0px 3px 3px; margin-right: 0px; width: 319.25px;\"><span class=\"a-size-base po-break-word\" style=\"box-sizing: border-box; word-break: break-word; line-height: 20px !important;\">66.5D x 53.6W x 122H Centimeters</span></td></tr><tr class=\"a-spacing-small po-brand\" style=\"box-sizing: border-box; margin-bottom: 8px !important;\"><td class=\"a-span3\" style=\"vertical-align: top; padding: 3px 3px 3px 0px; margin-right: 0px; width: 113.219px;\"><span class=\"a-size-base a-text-bold\" style=\"box-sizing: border-box; font-weight: 700 !important; line-height: 20px !important;\">Brand</span></td><td class=\"a-span9\" style=\"vertical-align: top; padding: 3px 0px 3px 3px; margin-right: 0px; width: 319.25px;\"><span class=\"a-size-base po-break-word\" style=\"box-sizing: border-box; word-break: break-word; line-height: 20px !important;\">Samsung</span></td></tr><tr class=\"a-spacing-small po-capacity\" style=\"box-sizing: border-box; margin-bottom: 8px !important;\"><td class=\"a-span3\" style=\"vertical-align: top; padding: 3px 3px 3px 0px; margin-right: 0px; width: 113.219px;\"><span class=\"a-size-base a-text-bold\" style=\"box-sizing: border-box; font-weight: 700 !important; line-height: 20px !important;\">Capacity</span></td><td class=\"a-span9\" style=\"vertical-align: top; padding: 3px 0px 3px 3px; margin-right: 0px; width: 319.25px;\"><span class=\"a-size-base po-break-word\" style=\"box-sizing: border-box; word-break: break-word; line-height: 20px !important;\">183 litres</span></td></tr><tr class=\"a-spacing-small po-configuration\" style=\"box-sizing: border-box; margin-bottom: 8px !important;\"><td class=\"a-span3\" style=\"vertical-align: top; padding: 3px 3px 3px 0px; margin-right: 0px; width: 113.219px;\"><span class=\"a-size-base a-text-bold\" style=\"box-sizing: border-box; font-weight: 700 !important; line-height: 20px !important;\">Configuration</span></td><td class=\"a-span9\" style=\"vertical-align: top; padding: 3px 0px 3px 3px; margin-right: 0px; width: 319.25px;\"><span class=\"a-size-base po-break-word\" style=\"box-sizing: border-box; word-break: break-word; line-height: 20px !important;\">Freezer-on-Top</span></td></tr><tr class=\"a-spacing-small po-color\" style=\"box-sizing: border-box; margin-bottom: 8px !important;\"><td class=\"a-span3\" style=\"vertical-align: top; padding: 3px 3px 0px 0px; margin-right: 0px; width: 113.219px;\"><span class=\"a-size-base a-text-bold\" style=\"box-sizing: border-box; font-weight: 700 !important; line-height: 20px !important;\">Colour</span></td><td class=\"a-span9\" style=\"vertical-align: top; padding: 3px 0px 0px 3px; margin-right: 0px; width: 319.25px;\"><span class=\"a-size-base po-break-word\" style=\"box-sizing: border-box; word-break: break-word; line-height: 20px !important;\">Inverter Grey</span></td></tr></tbody></table>', '2.jpg', '3.jpg', '4.jpg', 50, 'In Stock', '2023-08-23 04:02:51', NULL),
(40, 10, 30, 'Samsung 183 L 4 Star Digital Inverter Direct Cool Single Door Refrigerator', 'SAMSUNG', 20999, 22999, '<table class=\"a-normal a-spacing-micro\" style=\"width: 432.469px; color: rgb(15, 17, 17); font-family: &quot;Amazon Ember&quot;, Arial, sans-serif; font-size: 14px; background-color: rgb(255, 255, 255); margin-bottom: 0px !important;\"><tbody style=\"box-sizing: border-box;\"><tr class=\"a-spacing-small po-item_depth_width_height\" style=\"box-sizing: border-box; margin-bottom: 8px !important;\"><td class=\"a-span3\" style=\"vertical-align: top; padding: 0px 3px 3px 0px; margin-right: 0px; width: 113.219px;\"><span class=\"a-size-base a-text-bold\" style=\"box-sizing: border-box; font-weight: 700 !important; line-height: 20px !important;\">Product Dimensions</span></td><td class=\"a-span9\" style=\"vertical-align: top; padding: 0px 0px 3px 3px; margin-right: 0px; width: 319.25px;\"><span class=\"a-size-base po-break-word\" style=\"box-sizing: border-box; word-break: break-word; line-height: 20px !important;\">64D x 54.9W x 130H Centimeters</span></td></tr><tr class=\"a-spacing-small po-brand\" style=\"box-sizing: border-box; margin-bottom: 8px !important;\"><td class=\"a-span3\" style=\"vertical-align: top; padding: 3px 3px 3px 0px; margin-right: 0px; width: 113.219px;\"><span class=\"a-size-base a-text-bold\" style=\"box-sizing: border-box; font-weight: 700 !important; line-height: 20px !important;\">Brand</span></td><td class=\"a-span9\" style=\"vertical-align: top; padding: 3px 0px 3px 3px; margin-right: 0px; width: 319.25px;\"><span class=\"a-size-base po-break-word\" style=\"box-sizing: border-box; word-break: break-word; line-height: 20px !important;\">Samsung</span></td></tr><tr class=\"a-spacing-small po-capacity\" style=\"box-sizing: border-box; margin-bottom: 8px !important;\"><td class=\"a-span3\" style=\"vertical-align: top; padding: 3px 3px 3px 0px; margin-right: 0px; width: 113.219px;\"><span class=\"a-size-base a-text-bold\" style=\"box-sizing: border-box; font-weight: 700 !important; line-height: 20px !important;\">Capacity</span></td><td class=\"a-span9\" style=\"vertical-align: top; padding: 3px 0px 3px 3px; margin-right: 0px; width: 319.25px;\"><span class=\"a-size-base po-break-word\" style=\"box-sizing: border-box; word-break: break-word; line-height: 20px !important;\">183 litres</span></td></tr><tr class=\"a-spacing-small po-configuration\" style=\"box-sizing: border-box; margin-bottom: 8px !important;\"><td class=\"a-span3\" style=\"vertical-align: top; padding: 3px 3px 3px 0px; margin-right: 0px; width: 113.219px;\"><span class=\"a-size-base a-text-bold\" style=\"box-sizing: border-box; font-weight: 700 !important; line-height: 20px !important;\">Configuration</span></td><td class=\"a-span9\" style=\"vertical-align: top; padding: 3px 0px 3px 3px; margin-right: 0px; width: 319.25px;\"><span class=\"a-size-base po-break-word\" style=\"box-sizing: border-box; word-break: break-word; line-height: 20px !important;\">Freezer-on-Top</span></td></tr><tr class=\"a-spacing-small po-energy_star\" style=\"box-sizing: border-box; margin-bottom: 8px !important;\"><td class=\"a-span3\" style=\"vertical-align: top; padding: 3px 3px 0px 0px; margin-right: 0px; width: 113.219px;\"><span class=\"a-size-base a-text-bold\" style=\"box-sizing: border-box; font-weight: 700 !important; line-height: 20px !important;\">Energy Star</span></td><td class=\"a-span9\" style=\"vertical-align: top; padding: 3px 0px 0px 3px; margin-right: 0px; width: 319.25px;\"><span class=\"a-size-base po-break-word\" style=\"box-sizing: border-box; word-break: break-word; line-height: 20px !important;\">4 Star</span></td></tr></tbody></table>', '5.jpg', '4.jpg', '3.jpg', 50, 'In Stock', '2023-08-23 04:04:06', NULL),
(41, 10, 31, 'Samsung 236L 2 Star Inverter Frost-Free Convertible 3 In 1 Double Door Refrigerator', 'SAMSUNG', 99999, 37500, '<h1 id=\"title\" class=\"a-size-large a-spacing-none\" style=\"box-sizing: border-box; padding: 0px; font-weight: 400; color: rgb(15, 17, 17); font-family: &quot;Amazon Ember&quot;, Arial, sans-serif; margin-bottom: 0px !important; font-size: 24px !important; line-height: 32px !important;\"><span id=\"productTitle\" class=\"a-size-large product-title-word-break\" style=\"box-sizing: border-box; text-rendering: optimizelegibility; word-break: break-word; line-height: 32px !important;\">Samsung 236L 2 Star Inverter Frost-Free Convertible 3 In 1 Double Door Refrigerator (RT28C3832S8/HL,Elegant Inox), Base Stand Drawer 2023 Model)</span></h1>', '4.jpg', '3.jpg', '2.jpg', 50, 'In Stock', '2023-08-23 04:05:18', NULL),
(42, 10, 31, 'Whirlpool 324L 3 Star Intellifresh Inverter Frost Free Double Door Refrigerator', 'SAMSUNG', 40999, 50999, '<table class=\"a-normal a-spacing-micro\" style=\"width: 432.469px; color: rgb(15, 17, 17); font-family: &quot;Amazon Ember&quot;, Arial, sans-serif; font-size: 14px; background-color: rgb(255, 255, 255); margin-bottom: 0px !important;\"><tbody style=\"box-sizing: border-box;\"><tr class=\"a-spacing-small po-item_depth_width_height\" style=\"box-sizing: border-box; margin-bottom: 8px !important;\"><td class=\"a-span3\" style=\"vertical-align: top; padding: 0px 3px 3px 0px; margin-right: 0px; width: 113.219px;\"><span class=\"a-size-base a-text-bold\" style=\"box-sizing: border-box; font-weight: 700 !important; line-height: 20px !important;\">Product Dimensions</span></td><td class=\"a-span9\" style=\"vertical-align: top; padding: 0px 0px 3px 3px; margin-right: 0px; width: 319.25px;\"><span class=\"a-size-base po-break-word\" style=\"box-sizing: border-box; word-break: break-word; line-height: 20px !important;\">71.8D x 61.5W x 175.1H Centimeters</span></td></tr><tr class=\"a-spacing-small po-brand\" style=\"box-sizing: border-box; margin-bottom: 8px !important;\"><td class=\"a-span3\" style=\"vertical-align: top; padding: 3px 3px 3px 0px; margin-right: 0px; width: 113.219px;\"><span class=\"a-size-base a-text-bold\" style=\"box-sizing: border-box; font-weight: 700 !important; line-height: 20px !important;\">Brand</span></td><td class=\"a-span9\" style=\"vertical-align: top; padding: 3px 0px 3px 3px; margin-right: 0px; width: 319.25px;\"><span class=\"a-size-base po-break-word\" style=\"box-sizing: border-box; word-break: break-word; line-height: 20px !important;\">Whirlpool</span></td></tr><tr class=\"a-spacing-small po-capacity\" style=\"box-sizing: border-box; margin-bottom: 8px !important;\"><td class=\"a-span3\" style=\"vertical-align: top; padding: 3px 3px 3px 0px; margin-right: 0px; width: 113.219px;\"><span class=\"a-size-base a-text-bold\" style=\"box-sizing: border-box; font-weight: 700 !important; line-height: 20px !important;\">Capacity</span></td><td class=\"a-span9\" style=\"vertical-align: top; padding: 3px 0px 3px 3px; margin-right: 0px; width: 319.25px;\"><span class=\"a-size-base po-break-word\" style=\"box-sizing: border-box; word-break: break-word; line-height: 20px !important;\">327 litres</span></td></tr><tr class=\"a-spacing-small po-configuration\" style=\"box-sizing: border-box; margin-bottom: 8px !important;\"><td class=\"a-span3\" style=\"vertical-align: top; padding: 3px 3px 3px 0px; margin-right: 0px; width: 113.219px;\"><span class=\"a-size-base a-text-bold\" style=\"box-sizing: border-box; font-weight: 700 !important; line-height: 20px !important;\">Configuration</span></td><td class=\"a-span9\" style=\"vertical-align: top; padding: 3px 0px 3px 3px; margin-right: 0px; width: 319.25px;\"><span class=\"a-size-base po-break-word\" style=\"box-sizing: border-box; word-break: break-word; line-height: 20px !important;\">Standard double door</span></td></tr><tr class=\"a-spacing-small po-energy_star\" style=\"box-sizing: border-box; margin-bottom: 8px !important;\"><td class=\"a-span3\" style=\"vertical-align: top; padding: 3px 3px 0px 0px; margin-right: 0px; width: 113.219px;\"><span class=\"a-size-base a-text-bold\" style=\"box-sizing: border-box; font-weight: 700 !important; line-height: 20px !important;\">Energy Star</span></td><td class=\"a-span9\" style=\"vertical-align: top; padding: 3px 0px 0px 3px; margin-right: 0px; width: 319.25px;\"><span class=\"a-size-base po-break-word\" style=\"box-sizing: border-box; word-break: break-word; line-height: 20px !important;\">3 Star</span></td></tr></tbody></table>', '2.jpg', '3.jpg', '4.jpg', 50, 'In Stock', '2023-08-23 04:06:27', NULL),
(43, 10, 32, 'Samsung 653 L Frost Free Convertible 5In1, Digital Inverter Wi-Fi Enabled Side by Side Refrigerator', 'SAMSUNG', 99999, 13999, '<table class=\"a-normal a-spacing-micro\" style=\"width: 432.469px; color: rgb(15, 17, 17); font-family: &quot;Amazon Ember&quot;, Arial, sans-serif; font-size: 14px; background-color: rgb(255, 255, 255); margin-bottom: 0px !important;\"><tbody style=\"box-sizing: border-box;\"><tr class=\"a-spacing-small po-item_depth_width_height\" style=\"box-sizing: border-box; margin-bottom: 8px !important;\"><td class=\"a-span3\" style=\"vertical-align: top; padding: 0px 3px 3px 0px; margin-right: 0px; width: 113.219px;\"><span class=\"a-size-base a-text-bold\" style=\"box-sizing: border-box; font-weight: 700 !important; line-height: 20px !important;\">Product Dimensions</span></td><td class=\"a-span9\" style=\"vertical-align: top; padding: 0px 0px 3px 3px; margin-right: 0px; width: 319.25px;\"><span class=\"a-size-base po-break-word\" style=\"box-sizing: border-box; word-break: break-word; line-height: 20px !important;\">71.6D x 91.2W x 178H Centimeters</span></td></tr><tr class=\"a-spacing-small po-brand\" style=\"box-sizing: border-box; margin-bottom: 8px !important;\"><td class=\"a-span3\" style=\"vertical-align: top; padding: 3px 3px 3px 0px; margin-right: 0px; width: 113.219px;\"><span class=\"a-size-base a-text-bold\" style=\"box-sizing: border-box; font-weight: 700 !important; line-height: 20px !important;\">Brand</span></td><td class=\"a-span9\" style=\"vertical-align: top; padding: 3px 0px 3px 3px; margin-right: 0px; width: 319.25px;\"><span class=\"a-size-base po-break-word\" style=\"box-sizing: border-box; word-break: break-word; line-height: 20px !important;\">Samsung</span></td></tr><tr class=\"a-spacing-small po-capacity\" style=\"box-sizing: border-box; margin-bottom: 8px !important;\"><td class=\"a-span3\" style=\"vertical-align: top; padding: 3px 3px 3px 0px; margin-right: 0px; width: 113.219px;\"><span class=\"a-size-base a-text-bold\" style=\"box-sizing: border-box; font-weight: 700 !important; line-height: 20px !important;\">Capacity</span></td><td class=\"a-span9\" style=\"vertical-align: top; padding: 3px 0px 3px 3px; margin-right: 0px; width: 319.25px;\"><span class=\"a-size-base po-break-word\" style=\"box-sizing: border-box; word-break: break-word; line-height: 20px !important;\">653 litres</span></td></tr><tr class=\"a-spacing-small po-configuration\" style=\"box-sizing: border-box; margin-bottom: 8px !important;\"><td class=\"a-span3\" style=\"vertical-align: top; padding: 3px 3px 3px 0px; margin-right: 0px; width: 113.219px;\"><span class=\"a-size-base a-text-bold\" style=\"box-sizing: border-box; font-weight: 700 !important; line-height: 20px !important;\">Configuration</span></td><td class=\"a-span9\" style=\"vertical-align: top; padding: 3px 0px 3px 3px; margin-right: 0px; width: 319.25px;\"><span class=\"a-size-base po-break-word\" style=\"box-sizing: border-box; word-break: break-word; line-height: 20px !important;\">Freezer-on-Top</span></td></tr><tr class=\"a-spacing-small po-energy_star\" style=\"box-sizing: border-box; margin-bottom: 8px !important;\"><td class=\"a-span3\" style=\"vertical-align: top; padding: 3px 3px 0px 0px; margin-right: 0px; width: 113.219px;\"><span class=\"a-size-base a-text-bold\" style=\"box-sizing: border-box; font-weight: 700 !important; line-height: 20px !important;\">Energy Star</span></td><td class=\"a-span9\" style=\"vertical-align: top; padding: 3px 0px 0px 3px; margin-right: 0px; width: 319.25px;\"><span class=\"a-size-base po-break-word\" style=\"box-sizing: border-box; word-break: break-word; line-height: 20px !important;\">3 Star</span></td></tr></tbody></table>', '5.jpg', '1.jpg', '3.jpg', 50, 'In Stock', '2023-08-23 04:07:38', NULL),
(44, 11, 33, 'Samsung A 14 5g Cover', 'SAMSUNG', 599, 1000, 'dhdhdh', 'b1.jpg', 'b2.jpg', 'b3.jpg', 0, 'In Stock', '2023-08-24 03:59:39', NULL),
(45, 11, 33, 'Samsung A 14 5g Plain Cover', 'SAMSUNG', 499, 499, 'djdj', 'c3.jpg', 'c1.jpg', 'c4.jpg', 0, 'In Stock', '2023-08-24 04:01:21', NULL),
(46, 11, 33, 'Samsung A 14 5g Flip Cover', 'SAMSUNG', 599, 1000, 'sss', 'a1.jpg', 'a2.jpg', 'a4.jpg', 0, 'In Stock', '2023-08-24 04:02:35', NULL),
(47, 11, 34, 'Pikkme Samsung Galaxy M14 5G Back Cover for Girls ', 'SAMSUNG', 399, 999, '<b>\r\nBrand&nbsp; &nbsp; &nbsp; &nbsp; &nbsp; &nbsp; &nbsp; &nbsp; :&nbsp;</b>Pikkme<br><b>\r\nColour&nbsp; &nbsp; &nbsp; &nbsp; &nbsp; &nbsp; &nbsp; &nbsp;:&nbsp;</b>Pink&nbsp;<div><b>Form&nbsp; &nbsp; &nbsp; &nbsp; &nbsp; &nbsp; &nbsp; &nbsp; &nbsp;</b>&nbsp;: Factor	 Bumper\r\nCompatible<b>&nbsp;</b></div><div><b>Phone Models :&nbsp;</b>Samsung Galaxy M14 5G&nbsp;</div><div><b>Material</b>&nbsp; &nbsp; &nbsp; &nbsp; &nbsp; &nbsp; : Faux Leather</div>', 'a1.jpg', 'a2.jpg', 'a3.jpg', 0, 'In Stock', '2023-08-24 04:08:50', NULL),
(48, 11, 34, 'Mobin Electroplated 6D Chrome Back Cover Samsung Galaxy M14 5G - Black', 'SAMSUNG', 297, 899, '<table class=\"a-normal a-spacing-micro\" style=\"width: 544.062px; color: rgb(15, 17, 17); font-family: &quot;Amazon Ember&quot;, Arial, sans-serif; font-size: 14px; background-color: rgb(255, 255, 255); margin-bottom: 0px !important;\"><tbody style=\"box-sizing: border-box;\"><tr class=\"a-spacing-small po-brand\" style=\"box-sizing: border-box; margin-bottom: 8px !important;\"><td class=\"a-span3\" style=\"vertical-align: top; padding: 0px 3px 3px 0px; margin-right: 0px; width: 142.422px;\"><span class=\"a-size-base a-text-bold\" style=\"box-sizing: border-box; font-weight: 700 !important; line-height: 20px !important;\">Brand</span></td><td class=\"a-span9\" style=\"vertical-align: top; padding: 0px 0px 3px 3px; margin-right: 0px; width: 401.641px;\"><span class=\"a-size-base po-break-word\" style=\"box-sizing: border-box; word-break: break-word; line-height: 20px !important;\">Mobin</span></td></tr><tr class=\"a-spacing-small po-color\" style=\"box-sizing: border-box; margin-bottom: 8px !important;\"><td class=\"a-span3\" style=\"vertical-align: top; padding: 3px 3px 3px 0px; margin-right: 0px; width: 142.422px;\"><span class=\"a-size-base a-text-bold\" style=\"box-sizing: border-box; font-weight: 700 !important; line-height: 20px !important;\">Colour</span></td><td class=\"a-span9\" style=\"vertical-align: top; padding: 3px 0px 3px 3px; margin-right: 0px; width: 401.641px;\"><span class=\"a-size-base po-break-word\" style=\"box-sizing: border-box; word-break: break-word; line-height: 20px !important;\">Black</span></td></tr><tr class=\"a-spacing-small po-form_factor\" style=\"box-sizing: border-box; margin-bottom: 8px !important;\"><td class=\"a-span3\" style=\"vertical-align: top; padding: 3px 3px 3px 0px; margin-right: 0px; width: 142.422px;\"><span class=\"a-size-base a-text-bold\" style=\"box-sizing: border-box; font-weight: 700 !important; line-height: 20px !important;\">Form Factor</span></td><td class=\"a-span9\" style=\"vertical-align: top; padding: 3px 0px 3px 3px; margin-right: 0px; width: 401.641px;\"><span class=\"a-size-base po-break-word\" style=\"box-sizing: border-box; word-break: break-word; line-height: 20px !important;\">Back Cover</span></td></tr><tr class=\"a-spacing-small po-compatible_phone_models\" style=\"box-sizing: border-box; margin-bottom: 8px !important;\"><td class=\"a-span3\" style=\"vertical-align: top; padding: 3px 3px 3px 0px; margin-right: 0px; width: 142.422px;\"><span class=\"a-size-base a-text-bold\" style=\"box-sizing: border-box; font-weight: 700 !important; line-height: 20px !important;\">Compatible Phone Models</span></td><td class=\"a-span9\" style=\"vertical-align: top; padding: 3px 0px 3px 3px; margin-right: 0px; width: 401.641px;\"><span class=\"a-size-base po-break-word\" style=\"box-sizing: border-box; word-break: break-word; line-height: 20px !important;\">Samsung Galaxy M14 5G</span></td></tr><tr class=\"a-spacing-small po-material\" style=\"box-sizing: border-box; margin-bottom: 8px !important;\"><td class=\"a-span3\" style=\"vertical-align: top; padding: 3px 3px 0px 0px; margin-right: 0px; width: 142.422px;\"><span class=\"a-size-base a-text-bold\" style=\"box-sizing: border-box; font-weight: 700 !important; line-height: 20px !important;\">Material</span></td><td class=\"a-span9\" style=\"vertical-align: top; padding: 3px 0px 0px 3px; margin-right: 0px; width: 401.641px;\"><span class=\"a-size-base po-break-word\" style=\"box-sizing: border-box; word-break: break-word; line-height: 20px !important;\">Silicone ; Soft, Gold Plated Frame</span></td></tr></tbody></table>', 'b2.jpg', 'b1.jpg', 'b3.jpg', 0, 'In Stock', '2023-08-24 04:17:50', NULL);
INSERT INTO `products` (`id`, `category`, `subCategory`, `productName`, `productCompany`, `productPrice`, `productPriceBeforeDiscount`, `productDescription`, `productImage1`, `productImage2`, `productImage3`, `shippingCharge`, `productAvailability`, `postingDate`, `updationDate`) VALUES
(49, 11, 34, 'Fashionury Designer Case for Samsung Galaxy M14 5G Printed Back Cover', 'SAMSUNG', 249, 549, '<table class=\"a-normal a-spacing-micro\" style=\"width: 366.812px; color: rgb(15, 17, 17); font-family: &quot;Amazon Ember&quot;, Arial, sans-serif; font-size: 14px; background-color: rgb(255, 255, 255); margin-bottom: 0px !important;\"><tbody style=\"box-sizing: border-box;\"><tr class=\"a-spacing-small po-brand\" style=\"box-sizing: border-box; margin-bottom: 8px !important;\"><td class=\"a-span3\" style=\"vertical-align: top; padding: 0px 3px 3px 0px; margin-right: 0px; width: 96.0312px;\"><span class=\"a-size-base a-text-bold\" style=\"box-sizing: border-box; font-weight: 700 !important; line-height: 20px !important;\">Brand</span></td><td class=\"a-span9\" style=\"vertical-align: top; padding: 0px 0px 3px 3px; margin-right: 0px; width: 270.781px;\"><span class=\"a-size-base po-break-word\" style=\"box-sizing: border-box; word-break: break-word; line-height: 20px !important;\">Fashionury</span></td></tr><tr class=\"a-spacing-small po-color\" style=\"box-sizing: border-box; margin-bottom: 8px !important;\"><td class=\"a-span3\" style=\"vertical-align: top; padding: 3px 3px 3px 0px; margin-right: 0px; width: 96.0312px;\"><span class=\"a-size-base a-text-bold\" style=\"box-sizing: border-box; font-weight: 700 !important; line-height: 20px !important;\">Colour</span></td><td class=\"a-span9\" style=\"vertical-align: top; padding: 3px 0px 3px 3px; margin-right: 0px; width: 270.781px;\"><span class=\"a-size-base po-break-word\" style=\"box-sizing: border-box; word-break: break-word; line-height: 20px !important;\">Multicolor</span></td></tr><tr class=\"a-spacing-small po-form_factor\" style=\"box-sizing: border-box; margin-bottom: 8px !important;\"><td class=\"a-span3\" style=\"vertical-align: top; padding: 3px 3px 3px 0px; margin-right: 0px; width: 96.0312px;\"><span class=\"a-size-base a-text-bold\" style=\"box-sizing: border-box; font-weight: 700 !important; line-height: 20px !important;\">Form Factor</span></td><td class=\"a-span9\" style=\"vertical-align: top; padding: 3px 0px 3px 3px; margin-right: 0px; width: 270.781px;\"><span class=\"a-size-base po-break-word\" style=\"box-sizing: border-box; word-break: break-word; line-height: 20px !important;\">Basic Case</span></td></tr><tr class=\"a-spacing-small po-compatible_phone_models\" style=\"box-sizing: border-box; margin-bottom: 8px !important;\"><td class=\"a-span3\" style=\"vertical-align: top; padding: 3px 3px 3px 0px; margin-right: 0px; width: 96.0312px;\"><span class=\"a-size-base a-text-bold\" style=\"box-sizing: border-box; font-weight: 700 !important; line-height: 20px !important;\">Compatible Phone Models</span></td><td class=\"a-span9\" style=\"vertical-align: top; padding: 3px 0px 3px 3px; margin-right: 0px; width: 270.781px;\"><span class=\"a-size-base po-break-word\" style=\"box-sizing: border-box; word-break: break-word; line-height: 20px !important;\">Samsung Galaxy M14 5G</span></td></tr><tr class=\"a-spacing-small po-material\" style=\"box-sizing: border-box; margin-bottom: 8px !important;\"><td class=\"a-span3\" style=\"vertical-align: top; padding: 3px 3px 0px 0px; margin-right: 0px; width: 96.0312px;\"><span class=\"a-size-base a-text-bold\" style=\"box-sizing: border-box; font-weight: 700 !important; line-height: 20px !important;\">Material</span></td><td class=\"a-span9\" style=\"vertical-align: top; padding: 3px 0px 0px 3px; margin-right: 0px; width: 270.781px;\"><span class=\"a-size-base po-break-word\" style=\"box-sizing: border-box; word-break: break-word; line-height: 20px !important;\">Silicone</span></td></tr></tbody></table>', 'c3.jpg', 'c1.jpg', 'c2.jpg', 0, 'In Stock', '2023-08-24 04:21:26', NULL),
(50, 11, 35, 'Pikkme Samsung Galaxy M04 / F04 / A04e Flip Cover Leather Finish', 'SAMSUNG', 499, 899, '<table class=\"a-normal a-spacing-micro\" style=\"width: 544.062px; color: rgb(15, 17, 17); font-family: &quot;Amazon Ember&quot;, Arial, sans-serif; font-size: 14px; background-color: rgb(255, 255, 255); margin-bottom: 0px !important;\"><tbody style=\"box-sizing: border-box;\"><tr class=\"a-spacing-small po-brand\" style=\"box-sizing: border-box; margin-bottom: 8px !important;\"><td class=\"a-span3\" style=\"vertical-align: top; padding: 0px 3px 3px 0px; margin-right: 0px; width: 142.422px;\"><span class=\"a-size-base a-text-bold\" style=\"box-sizing: border-box; font-weight: 700 !important; line-height: 20px !important;\">Brand</span></td><td class=\"a-span9\" style=\"vertical-align: top; padding: 0px 0px 3px 3px; margin-right: 0px; width: 401.641px;\"><span class=\"a-size-base po-break-word\" style=\"box-sizing: border-box; word-break: break-word; line-height: 20px !important;\">Pikkme</span></td></tr><tr class=\"a-spacing-small po-color\" style=\"box-sizing: border-box; margin-bottom: 8px !important;\"><td class=\"a-span3\" style=\"vertical-align: top; padding: 3px 3px 3px 0px; margin-right: 0px; width: 142.422px;\"><span class=\"a-size-base a-text-bold\" style=\"box-sizing: border-box; font-weight: 700 !important; line-height: 20px !important;\">Colour</span></td><td class=\"a-span9\" style=\"vertical-align: top; padding: 3px 0px 3px 3px; margin-right: 0px; width: 401.641px;\"><span class=\"a-size-base po-break-word\" style=\"box-sizing: border-box; word-break: break-word; line-height: 20px !important;\">Blue</span></td></tr><tr class=\"a-spacing-small po-form_factor\" style=\"box-sizing: border-box; margin-bottom: 8px !important;\"><td class=\"a-span3\" style=\"vertical-align: top; padding: 3px 3px 3px 0px; margin-right: 0px; width: 142.422px;\"><span class=\"a-size-base a-text-bold\" style=\"box-sizing: border-box; font-weight: 700 !important; line-height: 20px !important;\">Form Factor</span></td><td class=\"a-span9\" style=\"vertical-align: top; padding: 3px 0px 3px 3px; margin-right: 0px; width: 401.641px;\"><span class=\"a-size-base po-break-word\" style=\"box-sizing: border-box; word-break: break-word; line-height: 20px !important;\">Flip</span></td></tr><tr class=\"a-spacing-small po-compatible_phone_models\" style=\"box-sizing: border-box; margin-bottom: 8px !important;\"><td class=\"a-span3\" style=\"vertical-align: top; padding: 3px 3px 3px 0px; margin-right: 0px; width: 142.422px;\"><span class=\"a-size-base a-text-bold\" style=\"box-sizing: border-box; font-weight: 700 !important; line-height: 20px !important;\">Compatible Phone Models</span></td><td class=\"a-span9\" style=\"vertical-align: top; padding: 3px 0px 3px 3px; margin-right: 0px; width: 401.641px;\"><span class=\"a-size-base po-break-word\" style=\"box-sizing: border-box; word-break: break-word; line-height: 20px !important;\">Samsung Galaxy M04</span></td></tr><tr class=\"a-spacing-small po-material\" style=\"box-sizing: border-box; margin-bottom: 8px !important;\"><td class=\"a-span3\" style=\"vertical-align: top; padding: 3px 3px 0px 0px; margin-right: 0px; width: 142.422px;\"><span class=\"a-size-base a-text-bold\" style=\"box-sizing: border-box; font-weight: 700 !important; line-height: 20px !important;\">Material</span></td><td class=\"a-span9\" style=\"vertical-align: top; padding: 3px 0px 0px 3px; margin-right: 0px; width: 401.641px;\"><span class=\"a-size-base po-break-word\" style=\"box-sizing: border-box; word-break: break-word; line-height: 20px !important;\">Faux Leather</span></td></tr></tbody></table>', 'a1.jpg', 'a5.jpg', 'a2.jpg', 0, 'In Stock', '2023-08-24 04:25:53', NULL),
(51, 11, 35, 'Samsung Galaxy  M 04 Plain Cover', 'SAMSUNG', 349, 799, '<table class=\"a-normal a-spacing-micro\" style=\"width: 544.062px; color: rgb(15, 17, 17); font-family: &quot;Amazon Ember&quot;, Arial, sans-serif; font-size: 14px; background-color: rgb(255, 255, 255); margin-bottom: 0px !important;\"><tbody style=\"box-sizing: border-box;\"><tr class=\"a-spacing-small po-brand\" style=\"box-sizing: border-box; margin-bottom: 8px !important;\"><td class=\"a-span3\" style=\"vertical-align: top; padding: 0px 3px 3px 0px; margin-right: 0px; width: 142.422px;\"><span class=\"a-size-base a-text-bold\" style=\"box-sizing: border-box; font-weight: 700 !important; line-height: 20px !important;\">Brand</span></td><td class=\"a-span9\" style=\"vertical-align: top; padding: 0px 0px 3px 3px; margin-right: 0px; width: 401.641px;\"><span class=\"a-size-base po-break-word\" style=\"box-sizing: border-box; word-break: break-word; line-height: 20px !important;\">Pikkme</span></td></tr><tr class=\"a-spacing-small po-color\" style=\"box-sizing: border-box; margin-bottom: 8px !important;\"><td class=\"a-span3\" style=\"vertical-align: top; padding: 3px 3px 3px 0px; margin-right: 0px; width: 142.422px;\"><span class=\"a-size-base a-text-bold\" style=\"box-sizing: border-box; font-weight: 700 !important; line-height: 20px !important;\">Colour</span></td><td class=\"a-span9\" style=\"vertical-align: top; padding: 3px 0px 3px 3px; margin-right: 0px; width: 401.641px;\">White</td></tr><tr class=\"a-spacing-small po-form_factor\" style=\"box-sizing: border-box; margin-bottom: 8px !important;\"><td class=\"a-span3\" style=\"vertical-align: top; padding: 3px 3px 3px 0px; margin-right: 0px; width: 142.422px;\"><span class=\"a-size-base a-text-bold\" style=\"box-sizing: border-box; font-weight: 700 !important; line-height: 20px !important;\">Form Factor</span></td><td class=\"a-span9\" style=\"vertical-align: top; padding: 3px 0px 3px 3px; margin-right: 0px; width: 401.641px;\">plain</td></tr><tr class=\"a-spacing-small po-compatible_phone_models\" style=\"box-sizing: border-box; margin-bottom: 8px !important;\"><td class=\"a-span3\" style=\"vertical-align: top; padding: 3px 3px 3px 0px; margin-right: 0px; width: 142.422px;\"><span class=\"a-size-base a-text-bold\" style=\"box-sizing: border-box; font-weight: 700 !important; line-height: 20px !important;\">Compatible Phone Models</span></td><td class=\"a-span9\" style=\"vertical-align: top; padding: 3px 0px 3px 3px; margin-right: 0px; width: 401.641px;\"><span class=\"a-size-base po-break-word\" style=\"box-sizing: border-box; word-break: break-word; line-height: 20px !important;\">Samsung Galaxy M04</span></td></tr><tr class=\"a-spacing-small po-material\" style=\"box-sizing: border-box; margin-bottom: 8px !important;\"><td class=\"a-span3\" style=\"vertical-align: top; padding: 3px 3px 0px 0px; margin-right: 0px; width: 142.422px;\"><span class=\"a-size-base a-text-bold\" style=\"box-sizing: border-box; font-weight: 700 !important; line-height: 20px !important;\">Material</span></td><td class=\"a-span9\" style=\"vertical-align: top; padding: 3px 0px 0px 3px; margin-right: 0px; width: 401.641px;\"><span class=\"a-size-base po-break-word\" style=\"box-sizing: border-box; word-break: break-word; line-height: 20px !important;\">Faux Leather</span></td></tr></tbody></table>', 'b1.jpg', 'b2.jpg', 'b5.jpg', 0, 'In Stock', '2023-08-24 04:28:31', NULL),
(52, 11, 35, 'Fashionury Designer Printed Soft Silicone Back Case Cover for Samsung Galaxy M04 ', 'SAMSUNG', 599, 899, '<table class=\"a-normal a-spacing-micro\" style=\"width: 366.812px; color: rgb(15, 17, 17); font-family: &quot;Amazon Ember&quot;, Arial, sans-serif; font-size: 14px; background-color: rgb(255, 255, 255); margin-bottom: 0px !important;\"><tbody style=\"box-sizing: border-box;\"><tr class=\"a-spacing-small po-brand\" style=\"box-sizing: border-box; margin-bottom: 8px !important;\"><td class=\"a-span3\" style=\"vertical-align: top; padding: 0px 3px 3px 0px; margin-right: 0px; width: 96.0312px;\"><span class=\"a-size-base a-text-bold\" style=\"box-sizing: border-box; font-weight: 700 !important; line-height: 20px !important;\">Brand</span></td><td class=\"a-span9\" style=\"vertical-align: top; padding: 0px 0px 3px 3px; margin-right: 0px; width: 270.781px;\"><span class=\"a-size-base po-break-word\" style=\"box-sizing: border-box; word-break: break-word; line-height: 20px !important;\">Fashionury</span></td></tr><tr class=\"a-spacing-small po-color\" style=\"box-sizing: border-box; margin-bottom: 8px !important;\"><td class=\"a-span3\" style=\"vertical-align: top; padding: 3px 3px 3px 0px; margin-right: 0px; width: 96.0312px;\"><span class=\"a-size-base a-text-bold\" style=\"box-sizing: border-box; font-weight: 700 !important; line-height: 20px !important;\">Colour</span></td><td class=\"a-span9\" style=\"vertical-align: top; padding: 3px 0px 3px 3px; margin-right: 0px; width: 270.781px;\"><span class=\"a-size-base po-break-word\" style=\"box-sizing: border-box; word-break: break-word; line-height: 20px !important;\">Multicolor</span></td></tr><tr class=\"a-spacing-small po-form_factor\" style=\"box-sizing: border-box; margin-bottom: 8px !important;\"><td class=\"a-span3\" style=\"vertical-align: top; padding: 3px 3px 3px 0px; margin-right: 0px; width: 96.0312px;\"><span class=\"a-size-base a-text-bold\" style=\"box-sizing: border-box; font-weight: 700 !important; line-height: 20px !important;\">Form Factor</span></td><td class=\"a-span9\" style=\"vertical-align: top; padding: 3px 0px 3px 3px; margin-right: 0px; width: 270.781px;\"><span class=\"a-size-base po-break-word\" style=\"box-sizing: border-box; word-break: break-word; line-height: 20px !important;\">Basic Case</span></td></tr><tr class=\"a-spacing-small po-compatible_phone_models\" style=\"box-sizing: border-box; margin-bottom: 8px !important;\"><td class=\"a-span3\" style=\"vertical-align: top; padding: 3px 3px 3px 0px; margin-right: 0px; width: 96.0312px;\"><span class=\"a-size-base a-text-bold\" style=\"box-sizing: border-box; font-weight: 700 !important; line-height: 20px !important;\">Compatible Phone Models</span></td><td class=\"a-span9\" style=\"vertical-align: top; padding: 3px 0px 3px 3px; margin-right: 0px; width: 270.781px;\"><span class=\"a-size-base po-break-word\" style=\"box-sizing: border-box; word-break: break-word; line-height: 20px !important;\">Samsung Galaxy M04</span></td></tr><tr class=\"a-spacing-small po-material\" style=\"box-sizing: border-box; margin-bottom: 8px !important;\"><td class=\"a-span3\" style=\"vertical-align: top; padding: 3px 3px 0px 0px; margin-right: 0px; width: 96.0312px;\"><span class=\"a-size-base a-text-bold\" style=\"box-sizing: border-box; font-weight: 700 !important; line-height: 20px !important;\">Material</span></td><td class=\"a-span9\" style=\"vertical-align: top; padding: 3px 0px 0px 3px; margin-right: 0px; width: 270.781px;\"><span class=\"a-size-base po-break-word\" style=\"box-sizing: border-box; word-break: break-word; line-height: 20px !important;\">Silicone</span></td></tr></tbody></table>', 'c1.jpg', 'c2.jpg', 'c4.jpg', 0, 'In Stock', '2023-08-24 04:32:29', NULL),
(53, 11, 36, 'TheGiftKart Tough Armor Samsung Galaxy M13 4G Bumper Back Case Cover', 'SAMSUNG', 499, 599, '<table class=\"a-normal a-spacing-micro\" style=\"width: 544.062px; color: rgb(15, 17, 17); font-family: &quot;Amazon Ember&quot;, Arial, sans-serif; font-size: 14px; background-color: rgb(255, 255, 255); margin-bottom: 0px !important;\"><tbody style=\"box-sizing: border-box;\"><tr class=\"a-spacing-small po-brand\" style=\"box-sizing: border-box; margin-bottom: 8px !important;\"><td class=\"a-span3\" style=\"vertical-align: top; padding: 0px 3px 3px 0px; margin-right: 0px; width: 142.422px;\"><span class=\"a-size-base a-text-bold\" style=\"box-sizing: border-box; font-weight: 700 !important; line-height: 20px !important;\">Brand</span></td><td class=\"a-span9\" style=\"vertical-align: top; padding: 0px 0px 3px 3px; margin-right: 0px; width: 401.641px;\"><span class=\"a-size-base po-break-word\" style=\"box-sizing: border-box; word-break: break-word; line-height: 20px !important;\">TheGiftKart</span></td></tr><tr class=\"a-spacing-small po-color\" style=\"box-sizing: border-box; margin-bottom: 8px !important;\"><td class=\"a-span3\" style=\"vertical-align: top; padding: 3px 3px 3px 0px; margin-right: 0px; width: 142.422px;\"><span class=\"a-size-base a-text-bold\" style=\"box-sizing: border-box; font-weight: 700 !important; line-height: 20px !important;\">Colour</span></td><td class=\"a-span9\" style=\"vertical-align: top; padding: 3px 0px 3px 3px; margin-right: 0px; width: 401.641px;\"><span class=\"a-size-base po-break-word\" style=\"box-sizing: border-box; word-break: break-word; line-height: 20px !important;\">Black</span></td></tr><tr class=\"a-spacing-small po-form_factor\" style=\"box-sizing: border-box; margin-bottom: 8px !important;\"><td class=\"a-span3\" style=\"vertical-align: top; padding: 3px 3px 3px 0px; margin-right: 0px; width: 142.422px;\"><span class=\"a-size-base a-text-bold\" style=\"box-sizing: border-box; font-weight: 700 !important; line-height: 20px !important;\">Form Factor</span></td><td class=\"a-span9\" style=\"vertical-align: top; padding: 3px 0px 3px 3px; margin-right: 0px; width: 401.641px;\"><span class=\"a-size-base po-break-word\" style=\"box-sizing: border-box; word-break: break-word; line-height: 20px !important;\">Bumper</span></td></tr><tr class=\"a-spacing-small po-compatible_phone_models\" style=\"box-sizing: border-box; margin-bottom: 8px !important;\"><td class=\"a-span3\" style=\"vertical-align: top; padding: 3px 3px 3px 0px; margin-right: 0px; width: 142.422px;\"><span class=\"a-size-base a-text-bold\" style=\"box-sizing: border-box; font-weight: 700 !important; line-height: 20px !important;\">Compatible Phone Models</span></td><td class=\"a-span9\" style=\"vertical-align: top; padding: 3px 0px 3px 3px; margin-right: 0px; width: 401.641px;\"><span class=\"a-size-base po-break-word\" style=\"box-sizing: border-box; word-break: break-word; line-height: 20px !important;\">Samsung Galaxy M13 4G</span></td></tr><tr class=\"a-spacing-small po-material\" style=\"box-sizing: border-box; margin-bottom: 8px !important;\"><td class=\"a-span3\" style=\"vertical-align: top; padding: 3px 3px 0px 0px; margin-right: 0px; width: 142.422px;\"><span class=\"a-size-base a-text-bold\" style=\"box-sizing: border-box; font-weight: 700 !important; line-height: 20px !important;\">Material</span></td><td class=\"a-span9\" style=\"vertical-align: top; padding: 3px 0px 0px 3px; margin-right: 0px; width: 401.641px;\"><span class=\"a-size-base po-break-word\" style=\"box-sizing: border-box; word-break: break-word; line-height: 20px !important;\">Polycarbonate, Thermoplastic Polyurethane</span></td></tr></tbody></table>', 'a1.jpg', 'a2.jpg', 'a3.jpg', 0, 'In Stock', '2023-08-24 04:34:52', NULL),
(54, 11, 36, 'Fashionury Designer Case for Samsung Galaxy M13 4G Back Cover', 'SAMSUNG', 499, 699, '<table class=\"a-normal a-spacing-micro\" style=\"width: 366.812px; color: rgb(15, 17, 17); font-family: &quot;Amazon Ember&quot;, Arial, sans-serif; font-size: 14px; background-color: rgb(255, 255, 255); margin-bottom: 0px !important;\"><tbody style=\"box-sizing: border-box;\"><tr class=\"a-spacing-small po-brand\" style=\"box-sizing: border-box; margin-bottom: 8px !important;\"><td class=\"a-span3\" style=\"vertical-align: top; padding: 0px 3px 3px 0px; margin-right: 0px; width: 96.0312px;\"><span class=\"a-size-base a-text-bold\" style=\"box-sizing: border-box; font-weight: 700 !important; line-height: 20px !important;\">Brand</span></td><td class=\"a-span9\" style=\"vertical-align: top; padding: 0px 0px 3px 3px; margin-right: 0px; width: 270.781px;\"><span class=\"a-size-base po-break-word\" style=\"box-sizing: border-box; word-break: break-word; line-height: 20px !important;\">Fashionury</span></td></tr><tr class=\"a-spacing-small po-color\" style=\"box-sizing: border-box; margin-bottom: 8px !important;\"><td class=\"a-span3\" style=\"vertical-align: top; padding: 3px 3px 3px 0px; margin-right: 0px; width: 96.0312px;\"><span class=\"a-size-base a-text-bold\" style=\"box-sizing: border-box; font-weight: 700 !important; line-height: 20px !important;\">Colour</span></td><td class=\"a-span9\" style=\"vertical-align: top; padding: 3px 0px 3px 3px; margin-right: 0px; width: 270.781px;\"><span class=\"a-size-base po-break-word\" style=\"box-sizing: border-box; word-break: break-word; line-height: 20px !important;\">Multi-Coloured</span></td></tr><tr class=\"a-spacing-small po-form_factor\" style=\"box-sizing: border-box; margin-bottom: 8px !important;\"><td class=\"a-span3\" style=\"vertical-align: top; padding: 3px 3px 3px 0px; margin-right: 0px; width: 96.0312px;\"><span class=\"a-size-base a-text-bold\" style=\"box-sizing: border-box; font-weight: 700 !important; line-height: 20px !important;\">Form Factor</span></td><td class=\"a-span9\" style=\"vertical-align: top; padding: 3px 0px 3px 3px; margin-right: 0px; width: 270.781px;\"><span class=\"a-size-base po-break-word\" style=\"box-sizing: border-box; word-break: break-word; line-height: 20px !important;\">Back Cover</span></td></tr><tr class=\"a-spacing-small po-compatible_phone_models\" style=\"box-sizing: border-box; margin-bottom: 8px !important;\"><td class=\"a-span3\" style=\"vertical-align: top; padding: 3px 3px 3px 0px; margin-right: 0px; width: 96.0312px;\"><span class=\"a-size-base a-text-bold\" style=\"box-sizing: border-box; font-weight: 700 !important; line-height: 20px !important;\">Compatible Phone Models</span></td><td class=\"a-span9\" style=\"vertical-align: top; padding: 3px 0px 3px 3px; margin-right: 0px; width: 270.781px;\"><span class=\"a-size-base po-break-word\" style=\"box-sizing: border-box; word-break: break-word; line-height: 20px !important;\">Samsung Galaxy M13 4G</span></td></tr><tr class=\"a-spacing-small po-material\" style=\"box-sizing: border-box; margin-bottom: 8px !important;\"><td class=\"a-span3\" style=\"vertical-align: top; padding: 3px 3px 0px 0px; margin-right: 0px; width: 96.0312px;\"><span class=\"a-size-base a-text-bold\" style=\"box-sizing: border-box; font-weight: 700 !important; line-height: 20px !important;\">Material</span></td><td class=\"a-span9\" style=\"vertical-align: top; padding: 3px 0px 0px 3px; margin-right: 0px; width: 270.781px;\"><span class=\"a-size-base po-break-word\" style=\"box-sizing: border-box; word-break: break-word; line-height: 20px !important;\">Silicone</span></td></tr></tbody></table>', 'b1.jpg', 'b2.jpg', 'b3.jpg', 0, 'In Stock', '2023-08-24 04:37:28', NULL),
(55, 11, 36, 'Fashionury Designer Case for Samsung Galaxy M13 4G Back Cover', 'SAMSUNG', 549, 699, '<table class=\"a-normal a-spacing-micro\" style=\"width: 366.812px; color: rgb(15, 17, 17); font-family: &quot;Amazon Ember&quot;, Arial, sans-serif; font-size: 14px; background-color: rgb(255, 255, 255); margin-bottom: 0px !important;\"><tbody style=\"box-sizing: border-box;\"><tr class=\"a-spacing-small po-brand\" style=\"box-sizing: border-box; margin-bottom: 8px !important;\"><td class=\"a-span3\" style=\"vertical-align: top; padding: 0px 3px 3px 0px; margin-right: 0px; width: 96.0312px;\"><span class=\"a-size-base a-text-bold\" style=\"box-sizing: border-box; font-weight: 700 !important; line-height: 20px !important;\">Brand</span></td><td class=\"a-span9\" style=\"vertical-align: top; padding: 0px 0px 3px 3px; margin-right: 0px; width: 270.781px;\"><span class=\"a-size-base po-break-word\" style=\"box-sizing: border-box; word-break: break-word; line-height: 20px !important;\">Fashionury</span></td></tr><tr class=\"a-spacing-small po-color\" style=\"box-sizing: border-box; margin-bottom: 8px !important;\"><td class=\"a-span3\" style=\"vertical-align: top; padding: 3px 3px 3px 0px; margin-right: 0px; width: 96.0312px;\"><span class=\"a-size-base a-text-bold\" style=\"box-sizing: border-box; font-weight: 700 !important; line-height: 20px !important;\">Colour</span></td><td class=\"a-span9\" style=\"vertical-align: top; padding: 3px 0px 3px 3px; margin-right: 0px; width: 270.781px;\"><span class=\"a-size-base po-break-word\" style=\"box-sizing: border-box; word-break: break-word; line-height: 20px !important;\">Multi-Coloured</span></td></tr><tr class=\"a-spacing-small po-form_factor\" style=\"box-sizing: border-box; margin-bottom: 8px !important;\"><td class=\"a-span3\" style=\"vertical-align: top; padding: 3px 3px 3px 0px; margin-right: 0px; width: 96.0312px;\"><span class=\"a-size-base a-text-bold\" style=\"box-sizing: border-box; font-weight: 700 !important; line-height: 20px !important;\">Form Factor</span></td><td class=\"a-span9\" style=\"vertical-align: top; padding: 3px 0px 3px 3px; margin-right: 0px; width: 270.781px;\"><span class=\"a-size-base po-break-word\" style=\"box-sizing: border-box; word-break: break-word; line-height: 20px !important;\">Back Cover</span></td></tr><tr class=\"a-spacing-small po-compatible_phone_models\" style=\"box-sizing: border-box; margin-bottom: 8px !important;\"><td class=\"a-span3\" style=\"vertical-align: top; padding: 3px 3px 3px 0px; margin-right: 0px; width: 96.0312px;\"><span class=\"a-size-base a-text-bold\" style=\"box-sizing: border-box; font-weight: 700 !important; line-height: 20px !important;\">Compatible Phone Models</span></td><td class=\"a-span9\" style=\"vertical-align: top; padding: 3px 0px 3px 3px; margin-right: 0px; width: 270.781px;\"><span class=\"a-size-base po-break-word\" style=\"box-sizing: border-box; word-break: break-word; line-height: 20px !important;\">Samsung Galaxy M13 4G</span></td></tr><tr class=\"a-spacing-small po-material\" style=\"box-sizing: border-box; margin-bottom: 8px !important;\"><td class=\"a-span3\" style=\"vertical-align: top; padding: 3px 3px 0px 0px; margin-right: 0px; width: 96.0312px;\"><span class=\"a-size-base a-text-bold\" style=\"box-sizing: border-box; font-weight: 700 !important; line-height: 20px !important;\">Material</span></td><td class=\"a-span9\" style=\"vertical-align: top; padding: 3px 0px 0px 3px; margin-right: 0px; width: 270.781px;\"><span class=\"a-size-base po-break-word\" style=\"box-sizing: border-box; word-break: break-word; line-height: 20px !important;\">Silicone</span></td></tr></tbody></table>', 'c1.jpg', 'c2.jpg', 'c3.jpg', 0, 'In Stock', '2023-08-24 04:41:34', NULL),
(56, 11, 38, 'Samsung Galaxy  M 53 5g Flip Cover', 'SAMSUNG', 699, 999, 'lklkl', 'b1.jpg', 'b2.jpg', 'b3.jpg', 0, 'In Stock', '2023-08-25 03:50:10', NULL),
(57, 11, 38, 'Samsung Galaxy  M 53 Printed Cover', 'SAMSUNG', 649, 899, 'llll', 'c1.jpg', 'c2.jpg', 'c4.jpg', 0, 'In Stock', '2023-08-25 03:51:46', NULL),
(58, 11, 38, 'Samsung Galaxy  M 53 5G Plain Cover', 'SAMSUNG', 499, 599, '101', 'a1.jpg', 'a3.jpg', 'a4.jpg', 0, 'In Stock', '2023-08-25 03:52:57', NULL),
(59, 11, 41, 'Samsung Galaxy  S23 5g ', 'SAMSUNG', 549, 699, ',s,', 'c1.jpg', 'c2.jpg', 'c4.jpg', 0, 'In Stock', '2023-08-25 03:54:48', NULL),
(60, 11, 41, 'Samsung Galaxy  S23 5g Flip Cover', 'SAMSUNG', 899, 999, 'mmm', 'd1.jpg', 'd2.jpg', 'd3.jpg', 0, 'In Stock', '2023-08-25 03:57:11', NULL),
(61, 11, 41, 'Samsung Galaxy  S23 5g Plain Cover', 'SAMSUNG', 799, 899, 'kkk', 'a1.jpg', 'a2.jpg', 'a3.jpg', 0, 'In Stock', '2023-08-25 03:58:39', NULL),
(62, 11, 40, 'Samsung Galaxy  S23 ultra 5g  Plain Cover', 'SAMSUNG', 649, 699, 'xnx', 'a2.jpg', 'a3.jpg', 'a4.jpg', 0, 'In Stock', '2023-08-25 04:00:17', NULL),
(63, 11, 40, 'Samsung Galaxy  S23 ultra 5g  Printed Cover', 'SAMSUNG', 749, 799, 'jxj', 'b1.jpg', 'b2.jpg', 'b3.jpg', 0, 'In Stock', '2023-08-25 04:01:30', NULL),
(64, 11, 40, 'Samsung Galaxy  S23 ultra 5g  Flip Cover', 'SAMSUNG', 799, 899, 'kzkz', 'd1.jpg', 'd2.jpg', 'd4.jpg', 0, 'In Stock', '2023-08-25 04:02:29', NULL),
(65, 12, 42, 'Samsung {MX-T50/XL) Sound Tower High Power Audio', 'SAMSUNG', 20999, 29999, '<table class=\"a-normal a-spacing-micro\" style=\"width: 544.062px; color: rgb(15, 17, 17); font-family: &quot;Amazon Ember&quot;, Arial, sans-serif; font-size: 14px; background-color: rgb(255, 255, 255); margin-bottom: 0px !important;\"><tbody style=\"box-sizing: border-box;\"><tr class=\"a-spacing-small po-brand\" style=\"box-sizing: border-box; margin-bottom: 8px !important;\"><td class=\"a-span3\" style=\"vertical-align: top; padding: 0px 3px 3px 0px; margin-right: 0px; width: 142.422px;\"><span class=\"a-size-base a-text-bold\" style=\"box-sizing: border-box; font-weight: 700 !important; line-height: 20px !important;\">Brand</span></td><td class=\"a-span9\" style=\"vertical-align: top; padding: 0px 0px 3px 3px; margin-right: 0px; width: 401.641px;\"><span class=\"a-size-base po-break-word\" style=\"box-sizing: border-box; word-break: break-word; line-height: 20px !important;\">Samsung</span></td></tr><tr class=\"a-spacing-small po-model_name\" style=\"box-sizing: border-box; margin-bottom: 8px !important;\"><td class=\"a-span3\" style=\"vertical-align: top; padding: 3px 3px 3px 0px; margin-right: 0px; width: 142.422px;\"><span class=\"a-size-base a-text-bold\" style=\"box-sizing: border-box; font-weight: 700 !important; line-height: 20px !important;\">Model Name</span></td><td class=\"a-span9\" style=\"vertical-align: top; padding: 3px 0px 3px 3px; margin-right: 0px; width: 401.641px;\"><span class=\"a-size-base po-break-word\" style=\"box-sizing: border-box; word-break: break-word; line-height: 20px !important;\">Speakers</span></td></tr><tr class=\"a-spacing-small po-speaker_type\" style=\"box-sizing: border-box; margin-bottom: 8px !important;\"><td class=\"a-span3\" style=\"vertical-align: top; padding: 3px 3px 3px 0px; margin-right: 0px; width: 142.422px;\"><span class=\"a-size-base a-text-bold\" style=\"box-sizing: border-box; font-weight: 700 !important; line-height: 20px !important;\">Speaker Type</span></td><td class=\"a-span9\" style=\"vertical-align: top; padding: 3px 0px 3px 3px; margin-right: 0px; width: 401.641px;\"><span class=\"a-size-base po-break-word\" style=\"box-sizing: border-box; word-break: break-word; line-height: 20px !important;\">Tower</span></td></tr><tr class=\"a-spacing-small po-connectivity_technology\" style=\"box-sizing: border-box; margin-bottom: 8px !important;\"><td class=\"a-span3\" style=\"vertical-align: top; padding: 3px 3px 3px 0px; margin-right: 0px; width: 142.422px;\"><span class=\"a-size-base a-text-bold\" style=\"box-sizing: border-box; font-weight: 700 !important; line-height: 20px !important;\">Connectivity Technology</span></td><td class=\"a-span9\" style=\"vertical-align: top; padding: 3px 0px 3px 3px; margin-right: 0px; width: 401.641px;\"><span class=\"a-size-base po-break-word\" style=\"box-sizing: border-box; word-break: break-word; line-height: 20px !important;\">Bluetooth, USB</span></td></tr><tr class=\"a-spacing-small po-special_feature\" style=\"box-sizing: border-box; margin-bottom: 8px !important;\"><td class=\"a-span3\" style=\"vertical-align: top; padding: 3px 3px 0px 0px; margin-right: 0px; width: 142.422px;\"><span class=\"a-size-base a-text-bold\" style=\"box-sizing: border-box; font-weight: 700 !important; line-height: 20px !important;\">Special Feature</span></td><td class=\"a-span9\" style=\"vertical-align: top; padding: 3px 0px 0px 3px; margin-right: 0px; width: 401.641px;\"><span class=\"a-size-base po-break-word\" style=\"box-sizing: border-box; word-break: break-word; line-height: 20px !important;\">Bass Boost, Bluetooth, 3.5 mm Analog Audio Input, Usb Port</span></td></tr></tbody></table>', '2.jpg', '3.jpg', '4.jpg', 50, 'In Stock', '2023-08-25 04:05:36', NULL),
(66, 12, 43, 'Samsung {MX-T70/XL} Sound Tower High Power Audio', 'SAMSUNG', 35999, 42999, '<table class=\"a-normal a-spacing-micro\" style=\"width: 544.062px; color: rgb(15, 17, 17); font-family: &quot;Amazon Ember&quot;, Arial, sans-serif; font-size: 14px; background-color: rgb(255, 255, 255); margin-bottom: 0px !important;\"><tbody style=\"box-sizing: border-box;\"><tr class=\"a-spacing-small po-brand\" style=\"box-sizing: border-box; margin-bottom: 8px !important;\"><td class=\"a-span3\" style=\"vertical-align: top; padding: 0px 3px 3px 0px; margin-right: 0px; width: 142.422px;\"><span class=\"a-size-base a-text-bold\" style=\"box-sizing: border-box; font-weight: 700 !important; line-height: 20px !important;\">Brand</span></td><td class=\"a-span9\" style=\"vertical-align: top; padding: 0px 0px 3px 3px; margin-right: 0px; width: 401.641px;\"><span class=\"a-size-base po-break-word\" style=\"box-sizing: border-box; word-break: break-word; line-height: 20px !important;\">Samsung</span></td></tr><tr class=\"a-spacing-small po-model_name\" style=\"box-sizing: border-box; margin-bottom: 8px !important;\"><td class=\"a-span3\" style=\"vertical-align: top; padding: 3px 3px 3px 0px; margin-right: 0px; width: 142.422px;\"><span class=\"a-size-base a-text-bold\" style=\"box-sizing: border-box; font-weight: 700 !important; line-height: 20px !important;\">Model Name</span></td><td class=\"a-span9\" style=\"vertical-align: top; padding: 3px 0px 3px 3px; margin-right: 0px; width: 401.641px;\"><span class=\"a-size-base po-break-word\" style=\"box-sizing: border-box; word-break: break-word; line-height: 20px !important;\">Speakers</span></td></tr><tr class=\"a-spacing-small po-speaker_type\" style=\"box-sizing: border-box; margin-bottom: 8px !important;\"><td class=\"a-span3\" style=\"vertical-align: top; padding: 3px 3px 3px 0px; margin-right: 0px; width: 142.422px;\"><span class=\"a-size-base a-text-bold\" style=\"box-sizing: border-box; font-weight: 700 !important; line-height: 20px !important;\">Speaker Type</span></td><td class=\"a-span9\" style=\"vertical-align: top; padding: 3px 0px 3px 3px; margin-right: 0px; width: 401.641px;\"><span class=\"a-size-base po-break-word\" style=\"box-sizing: border-box; word-break: break-word; line-height: 20px !important;\">Woofer</span></td></tr><tr class=\"a-spacing-small po-connectivity_technology\" style=\"box-sizing: border-box; margin-bottom: 8px !important;\"><td class=\"a-span3\" style=\"vertical-align: top; padding: 3px 3px 3px 0px; margin-right: 0px; width: 142.422px;\"><span class=\"a-size-base a-text-bold\" style=\"box-sizing: border-box; font-weight: 700 !important; line-height: 20px !important;\">Connectivity Technology</span></td><td class=\"a-span9\" style=\"vertical-align: top; padding: 3px 0px 3px 3px; margin-right: 0px; width: 401.641px;\"><span class=\"a-size-base po-break-word\" style=\"box-sizing: border-box; word-break: break-word; line-height: 20px !important;\">Bluetooth, USB</span></td></tr><tr class=\"a-spacing-small po-special_feature\" style=\"box-sizing: border-box; margin-bottom: 8px !important;\"><td class=\"a-span3\" style=\"vertical-align: top; padding: 3px 3px 0px 0px; margin-right: 0px; width: 142.422px;\"><span class=\"a-size-base a-text-bold\" style=\"box-sizing: border-box; font-weight: 700 !important; line-height: 20px !important;\">Special Feature</span></td><td class=\"a-span9\" style=\"vertical-align: top; padding: 3px 0px 0px 3px; margin-right: 0px; width: 401.641px;\"><span class=\"a-size-base po-break-word\" style=\"box-sizing: border-box; word-break: break-word; line-height: 20px !important;\">Bass Boost, Karaoke Mic In, Bluetooth, USB, Wireless Group Play, Powerful 1500 W Output</span></td></tr></tbody></table>', '5.jpg', '2.jpg', '3.jpg', 50, 'In Stock', '2023-08-25 04:06:40', NULL),
(67, 12, 44, 'Samsung 2.0 ch (HW-T400/XL) Soundbar with Built-in Subwoofer', 'SAMSUNG', 4599, 6599, '<table class=\"a-normal a-spacing-micro\" style=\"width: 544.062px; color: rgb(15, 17, 17); font-family: &quot;Amazon Ember&quot;, Arial, sans-serif; font-size: 14px; background-color: rgb(255, 255, 255); margin-bottom: 0px !important;\"><tbody style=\"box-sizing: border-box;\"><tr class=\"a-spacing-small po-brand\" style=\"box-sizing: border-box; margin-bottom: 8px !important;\"><td class=\"a-span3\" style=\"vertical-align: top; padding: 0px 3px 3px 0px; margin-right: 0px; width: 142.422px;\"><span class=\"a-size-base a-text-bold\" style=\"box-sizing: border-box; font-weight: 700 !important; line-height: 20px !important;\">Brand</span></td><td class=\"a-span9\" style=\"vertical-align: top; padding: 0px 0px 3px 3px; margin-right: 0px; width: 401.641px;\"><span class=\"a-size-base po-break-word\" style=\"box-sizing: border-box; word-break: break-word; line-height: 20px !important;\">Samsung</span></td></tr><tr class=\"a-spacing-small po-model_name\" style=\"box-sizing: border-box; margin-bottom: 8px !important;\"><td class=\"a-span3\" style=\"vertical-align: top; padding: 3px 3px 3px 0px; margin-right: 0px; width: 142.422px;\"><span class=\"a-size-base a-text-bold\" style=\"box-sizing: border-box; font-weight: 700 !important; line-height: 20px !important;\">Model Name</span></td><td class=\"a-span9\" style=\"vertical-align: top; padding: 3px 0px 3px 3px; margin-right: 0px; width: 401.641px;\"><span class=\"a-size-base po-break-word\" style=\"box-sizing: border-box; word-break: break-word; line-height: 20px !important;\">Soundbar</span></td></tr><tr class=\"a-spacing-small po-speaker_type\" style=\"box-sizing: border-box; margin-bottom: 8px !important;\"><td class=\"a-span3\" style=\"vertical-align: top; padding: 3px 3px 3px 0px; margin-right: 0px; width: 142.422px;\"><span class=\"a-size-base a-text-bold\" style=\"box-sizing: border-box; font-weight: 700 !important; line-height: 20px !important;\">Speaker Type</span></td><td class=\"a-span9\" style=\"vertical-align: top; padding: 3px 0px 3px 3px; margin-right: 0px; width: 401.641px;\"><span class=\"a-size-base po-break-word\" style=\"box-sizing: border-box; word-break: break-word; line-height: 20px !important;\">Surround Sound, Subwoofer, Soundbar</span></td></tr><tr class=\"a-spacing-small po-connectivity_technology\" style=\"box-sizing: border-box; margin-bottom: 8px !important;\"><td class=\"a-span3\" style=\"vertical-align: top; padding: 3px 3px 3px 0px; margin-right: 0px; width: 142.422px;\"><span class=\"a-size-base a-text-bold\" style=\"box-sizing: border-box; font-weight: 700 !important; line-height: 20px !important;\">Connectivity Technology</span></td><td class=\"a-span9\" style=\"vertical-align: top; padding: 3px 0px 3px 3px; margin-right: 0px; width: 401.641px;\"><span class=\"a-size-base po-break-word\" style=\"box-sizing: border-box; word-break: break-word; line-height: 20px !important;\">Bluetooth, USB, Optical In, NFC</span></td></tr><tr class=\"a-spacing-small po-special_feature\" style=\"box-sizing: border-box; margin-bottom: 8px !important;\"><td class=\"a-span3\" style=\"vertical-align: top; padding: 3px 3px 0px 0px; margin-right: 0px; width: 142.422px;\"><span class=\"a-size-base a-text-bold\" style=\"box-sizing: border-box; font-weight: 700 !important; line-height: 20px !important;\">Special Feature</span></td><td class=\"a-span9\" style=\"vertical-align: top; padding: 3px 0px 0px 3px; margin-right: 0px; width: 401.641px;\"><span class=\"a-size-base po-break-word\" style=\"box-sizing: border-box; word-break: break-word; line-height: 20px !important;\">Bass Boost, USB Port</span></td></tr></tbody></table>', '2.jpg', '3.jpg', '4.jpg', 50, 'In Stock', '2023-08-25 04:08:01', NULL),
(68, 12, 45, 'Samsung Dolby Digital Bluetooth Soundbar', 'SAMSUNG', 8999, 9999, '<table class=\"a-normal a-spacing-micro\" style=\"width: 544.062px; color: rgb(15, 17, 17); font-family: &quot;Amazon Ember&quot;, Arial, sans-serif; font-size: 14px; background-color: rgb(255, 255, 255); margin-bottom: 0px !important;\"><tbody style=\"box-sizing: border-box;\"><tr class=\"a-spacing-small po-brand\" style=\"box-sizing: border-box; margin-bottom: 8px !important;\"><td class=\"a-span3\" style=\"vertical-align: top; padding: 0px 3px 3px 0px; margin-right: 0px; width: 142.422px;\"><span class=\"a-size-base a-text-bold\" style=\"box-sizing: border-box; font-weight: 700 !important; line-height: 20px !important;\">Brand</span></td><td class=\"a-span9\" style=\"vertical-align: top; padding: 0px 0px 3px 3px; margin-right: 0px; width: 401.641px;\"><span class=\"a-size-base po-break-word\" style=\"box-sizing: border-box; word-break: break-word; line-height: 20px !important;\">Samsung</span></td></tr><tr class=\"a-spacing-small po-model_name\" style=\"box-sizing: border-box; margin-bottom: 8px !important;\"><td class=\"a-span3\" style=\"vertical-align: top; padding: 3px 3px 3px 0px; margin-right: 0px; width: 142.422px;\"><span class=\"a-size-base a-text-bold\" style=\"box-sizing: border-box; font-weight: 700 !important; line-height: 20px !important;\">Model Name</span></td><td class=\"a-span9\" style=\"vertical-align: top; padding: 3px 0px 3px 3px; margin-right: 0px; width: 401.641px;\"><span class=\"a-size-base po-break-word\" style=\"box-sizing: border-box; word-break: break-word; line-height: 20px !important;\">HW-T42E/XL</span></td></tr><tr class=\"a-spacing-small po-speaker_type\" style=\"box-sizing: border-box; margin-bottom: 8px !important;\"><td class=\"a-span3\" style=\"vertical-align: top; padding: 3px 3px 3px 0px; margin-right: 0px; width: 142.422px;\"><span class=\"a-size-base a-text-bold\" style=\"box-sizing: border-box; font-weight: 700 !important; line-height: 20px !important;\">Speaker Type</span></td><td class=\"a-span9\" style=\"vertical-align: top; padding: 3px 0px 3px 3px; margin-right: 0px; width: 401.641px;\"><span class=\"a-size-base po-break-word\" style=\"box-sizing: border-box; word-break: break-word; line-height: 20px !important;\">Soundbar</span></td></tr><tr class=\"a-spacing-small po-connectivity_technology\" style=\"box-sizing: border-box; margin-bottom: 8px !important;\"><td class=\"a-span3\" style=\"vertical-align: top; padding: 3px 3px 3px 0px; margin-right: 0px; width: 142.422px;\"><span class=\"a-size-base a-text-bold\" style=\"box-sizing: border-box; font-weight: 700 !important; line-height: 20px !important;\">Connectivity Technology</span></td><td class=\"a-span9\" style=\"vertical-align: top; padding: 3px 0px 3px 3px; margin-right: 0px; width: 401.641px;\"><span class=\"a-size-base po-break-word\" style=\"box-sizing: border-box; word-break: break-word; line-height: 20px !important;\">Wireless, Bluetooth, USB</span></td></tr><tr class=\"a-spacing-small po-special_feature\" style=\"box-sizing: border-box; margin-bottom: 8px !important;\"><td class=\"a-span3\" style=\"vertical-align: top; padding: 3px 3px 0px 0px; margin-right: 0px; width: 142.422px;\"><span class=\"a-size-base a-text-bold\" style=\"box-sizing: border-box; font-weight: 700 !important; line-height: 20px !important;\">Special Feature</span></td><td class=\"a-span9\" style=\"vertical-align: top; padding: 3px 0px 0px 3px; margin-right: 0px; width: 401.641px;\"><span class=\"a-size-base po-break-word\" style=\"box-sizing: border-box; word-break: break-word; line-height: 20px !important;\">Wireless, Bluetooth</span></td></tr></tbody></table>', '2.jpg', '3.jpg', '4.jpg', 50, 'In Stock', '2023-08-25 04:09:03', NULL),
(69, 12, 46, 'Samsung Q-Symphony Soundbar (HW-Q600B/XL)', 'SAMSUNG', 30999, 40999, '<table class=\"a-normal a-spacing-micro\" style=\"width: 544.062px; color: rgb(15, 17, 17); font-family: &quot;Amazon Ember&quot;, Arial, sans-serif; font-size: 14px; background-color: rgb(255, 255, 255); margin-bottom: 0px !important;\"><tbody style=\"box-sizing: border-box;\"><tr class=\"a-spacing-small po-brand\" style=\"box-sizing: border-box; margin-bottom: 8px !important;\"><td class=\"a-span3\" style=\"vertical-align: top; padding: 0px 3px 3px 0px; margin-right: 0px; width: 142.422px;\"><span class=\"a-size-base a-text-bold\" style=\"box-sizing: border-box; font-weight: 700 !important; line-height: 20px !important;\">Brand</span></td><td class=\"a-span9\" style=\"vertical-align: top; padding: 0px 0px 3px 3px; margin-right: 0px; width: 401.641px;\"><span class=\"a-size-base po-break-word\" style=\"box-sizing: border-box; word-break: break-word; line-height: 20px !important;\">Samsung</span></td></tr><tr class=\"a-spacing-small po-model_name\" style=\"box-sizing: border-box; margin-bottom: 8px !important;\"><td class=\"a-span3\" style=\"vertical-align: top; padding: 3px 3px 3px 0px; margin-right: 0px; width: 142.422px;\"><span class=\"a-size-base a-text-bold\" style=\"box-sizing: border-box; font-weight: 700 !important; line-height: 20px !important;\">Model Name</span></td><td class=\"a-span9\" style=\"vertical-align: top; padding: 3px 0px 3px 3px; margin-right: 0px; width: 401.641px;\"><span class=\"a-size-base po-break-word\" style=\"box-sizing: border-box; word-break: break-word; line-height: 20px !important;\">Soundbar</span></td></tr><tr class=\"a-spacing-small po-speaker_type\" style=\"box-sizing: border-box; margin-bottom: 8px !important;\"><td class=\"a-span3\" style=\"vertical-align: top; padding: 3px 3px 3px 0px; margin-right: 0px; width: 142.422px;\"><span class=\"a-size-base a-text-bold\" style=\"box-sizing: border-box; font-weight: 700 !important; line-height: 20px !important;\">Speaker Type</span></td><td class=\"a-span9\" style=\"vertical-align: top; padding: 3px 0px 3px 3px; margin-right: 0px; width: 401.641px;\"><span class=\"a-size-base po-break-word\" style=\"box-sizing: border-box; word-break: break-word; line-height: 20px !important;\">Soundbar</span></td></tr><tr class=\"a-spacing-small po-connectivity_technology\" style=\"box-sizing: border-box; margin-bottom: 8px !important;\"><td class=\"a-span3\" style=\"vertical-align: top; padding: 3px 3px 3px 0px; margin-right: 0px; width: 142.422px;\"><span class=\"a-size-base a-text-bold\" style=\"box-sizing: border-box; font-weight: 700 !important; line-height: 20px !important;\">Connectivity Technology</span></td><td class=\"a-span9\" style=\"vertical-align: top; padding: 3px 0px 3px 3px; margin-right: 0px; width: 401.641px;\"><span class=\"a-size-base po-break-word\" style=\"box-sizing: border-box; word-break: break-word; line-height: 20px !important;\">HDMI</span></td></tr><tr class=\"a-spacing-small po-special_feature\" style=\"box-sizing: border-box; margin-bottom: 8px !important;\"><td class=\"a-span3\" style=\"vertical-align: top; padding: 3px 3px 0px 0px; margin-right: 0px; width: 142.422px;\"><span class=\"a-size-base a-text-bold\" style=\"box-sizing: border-box; font-weight: 700 !important; line-height: 20px !important;\">Special Feature</span></td><td class=\"a-span9\" style=\"vertical-align: top; padding: 3px 0px 0px 3px; margin-right: 0px; width: 401.641px;\"><span class=\"a-size-base po-break-word\" style=\"box-sizing: border-box; word-break: break-word; line-height: 20px !important;\">Remote Control Operation, Adaptive Sound Lite, Switch to Game Mode, Soundbar with Subwoofer</span></td></tr></tbody></table>', '2.jpg', '3.jpg', '4.jpg', 0, 'In Stock', '2023-08-25 04:10:11', NULL);
INSERT INTO `products` (`id`, `category`, `subCategory`, `productName`, `productCompany`, `productPrice`, `productPriceBeforeDiscount`, `productDescription`, `productImage1`, `productImage2`, `productImage3`, `shippingCharge`, `productAvailability`, `postingDate`, `updationDate`) VALUES
(70, 12, 47, 'Samsung Soundbar (HW-B67E/XL) 5.1 Channel, Wireless Subwoofer', 'SAMSUNG', 45999, 49999, '<table class=\"a-normal a-spacing-micro\" style=\"width: 544.062px; color: rgb(15, 17, 17); font-family: &quot;Amazon Ember&quot;, Arial, sans-serif; font-size: 14px; background-color: rgb(255, 255, 255); margin-bottom: 0px !important;\"><tbody style=\"box-sizing: border-box;\"><tr class=\"a-spacing-small po-brand\" style=\"box-sizing: border-box; margin-bottom: 8px !important;\"><td class=\"a-span3\" style=\"vertical-align: top; padding: 0px 3px 3px 0px; margin-right: 0px; width: 142.422px;\"><span class=\"a-size-base a-text-bold\" style=\"box-sizing: border-box; font-weight: 700 !important; line-height: 20px !important;\">Brand</span></td><td class=\"a-span9\" style=\"vertical-align: top; padding: 0px 0px 3px 3px; margin-right: 0px; width: 401.641px;\"><span class=\"a-size-base po-break-word\" style=\"box-sizing: border-box; word-break: break-word; line-height: 20px !important;\">Samsung</span></td></tr><tr class=\"a-spacing-small po-model_name\" style=\"box-sizing: border-box; margin-bottom: 8px !important;\"><td class=\"a-span3\" style=\"vertical-align: top; padding: 3px 3px 3px 0px; margin-right: 0px; width: 142.422px;\"><span class=\"a-size-base a-text-bold\" style=\"box-sizing: border-box; font-weight: 700 !important; line-height: 20px !important;\">Model Name</span></td><td class=\"a-span9\" style=\"vertical-align: top; padding: 3px 0px 3px 3px; margin-right: 0px; width: 401.641px;\"><span class=\"a-size-base po-break-word\" style=\"box-sizing: border-box; word-break: break-word; line-height: 20px !important;\">Soundbar</span></td></tr><tr class=\"a-spacing-small po-speaker_type\" style=\"box-sizing: border-box; margin-bottom: 8px !important;\"><td class=\"a-span3\" style=\"vertical-align: top; padding: 3px 3px 3px 0px; margin-right: 0px; width: 142.422px;\"><span class=\"a-size-base a-text-bold\" style=\"box-sizing: border-box; font-weight: 700 !important; line-height: 20px !important;\">Speaker Type</span></td><td class=\"a-span9\" style=\"vertical-align: top; padding: 3px 0px 3px 3px; margin-right: 0px; width: 401.641px;\"><span class=\"a-size-base po-break-word\" style=\"box-sizing: border-box; word-break: break-word; line-height: 20px !important;\">Soundbar</span></td></tr><tr class=\"a-spacing-small po-connectivity_technology\" style=\"box-sizing: border-box; margin-bottom: 8px !important;\"><td class=\"a-span3\" style=\"vertical-align: top; padding: 3px 3px 3px 0px; margin-right: 0px; width: 142.422px;\"><span class=\"a-size-base a-text-bold\" style=\"box-sizing: border-box; font-weight: 700 !important; line-height: 20px !important;\">Connectivity Technology</span></td><td class=\"a-span9\" style=\"vertical-align: top; padding: 3px 0px 3px 3px; margin-right: 0px; width: 401.641px;\"><span class=\"a-size-base po-break-word\" style=\"box-sizing: border-box; word-break: break-word; line-height: 20px !important;\">Wireless, Bluetooth, USB, HDMI</span></td></tr><tr class=\"a-spacing-small po-special_feature\" style=\"box-sizing: border-box; margin-bottom: 8px !important;\"><td class=\"a-span3\" style=\"vertical-align: top; padding: 3px 3px 0px 0px; margin-right: 0px; width: 142.422px;\"><span class=\"a-size-base a-text-bold\" style=\"box-sizing: border-box; font-weight: 700 !important; line-height: 20px !important;\">Special Feature</span></td><td class=\"a-span9\" style=\"vertical-align: top; padding: 3px 0px 0px 3px; margin-right: 0px; width: 401.641px;\"><span class=\"a-size-base po-break-word\" style=\"box-sizing: border-box; word-break: break-word; line-height: 20px !important;\">Bass Boost</span></td></tr></tbody></table>', '2.jpg', '3.jpg', '1.jpg', 50, 'In Stock', '2023-08-25 04:11:12', NULL),
(71, 13, 48, 'Samsung Galaxy Buds 2', 'SAMSUNG', 10999, 13999, '<h1 id=\"title\" class=\"a-size-large a-spacing-none\" style=\"box-sizing: border-box; padding: 0px; font-weight: 400; color: rgb(15, 17, 17); font-family: &quot;Amazon Ember&quot;, Arial, sans-serif; margin-bottom: 0px !important; font-size: 24px !important; line-height: 32px !important;\"><span id=\"productTitle\" class=\"a-size-large product-title-word-break\" style=\"box-sizing: border-box; text-rendering: optimizelegibility; word-break: break-word; line-height: 32px !important;\">Samsung Galaxy Buds 2 | Wireless in Ear Earbuds Active Noise Cancellation, Auto Switch Feature, Up to 20hrs Battery Life, (Graphite)</span></h1>', '2.webp', '2-2.jpg', '2-1.jpg', 50, 'In Stock', '2023-08-25 04:13:45', NULL),
(72, 13, 49, 'Samsung Galaxy Buds2 Pro', 'SAMSUNG', 15999, 19999, '<h1 id=\"title\" class=\"a-size-large a-spacing-none\" style=\"box-sizing: border-box; padding: 0px; font-weight: 400; color: rgb(15, 17, 17); font-family: &quot;Amazon Ember&quot;, Arial, sans-serif; margin-bottom: 0px !important; font-size: 24px !important; line-height: 32px !important;\"><span id=\"productTitle\" class=\"a-size-large product-title-word-break\" style=\"box-sizing: border-box; text-rendering: optimizelegibility; word-break: break-word; line-height: 32px !important;\">Samsung Galaxy Buds2 Pro, Bluetooth Truly Wireless in Ear Earbuds with Noise Cancellation (Graphite, with Mic)</span></h1>', '2.jpg', '2pro  3.jpg', '2pro  1.jpg', 50, 'In Stock', '2023-08-25 04:14:52', NULL),
(73, 14, 50, 'Samsung Original 25W Single Port', 'SAMSUNG', 1099, 1699, '<table class=\"a-normal a-spacing-micro\" style=\"width: 544.062px; color: rgb(15, 17, 17); font-family: &quot;Amazon Ember&quot;, Arial, sans-serif; font-size: 14px; background-color: rgb(255, 255, 255); margin-bottom: 0px !important;\"><tbody style=\"box-sizing: border-box;\"><tr class=\"a-spacing-small po-brand\" style=\"box-sizing: border-box; margin-bottom: 8px !important;\"><td class=\"a-span3\" style=\"vertical-align: top; padding: 0px 3px 3px 0px; margin-right: 0px; width: 130.297px;\"><span class=\"a-size-base a-text-bold\" style=\"box-sizing: border-box; font-weight: 700 !important; line-height: 20px !important;\">Brand</span></td><td class=\"a-span9\" style=\"vertical-align: top; padding: 0px 0px 3px 3px; margin-right: 0px; width: 413.766px;\"><span class=\"a-size-base po-break-word\" style=\"box-sizing: border-box; word-break: break-word; line-height: 20px !important;\">Samsung</span></td></tr><tr class=\"a-spacing-small po-connectivity_technology\" style=\"box-sizing: border-box; margin-bottom: 8px !important;\"><td class=\"a-span3\" style=\"vertical-align: top; padding: 3px 3px 3px 0px; margin-right: 0px; width: 130.297px;\"><span class=\"a-size-base a-text-bold\" style=\"box-sizing: border-box; font-weight: 700 !important; line-height: 20px !important;\">Connectivity Technology</span></td><td class=\"a-span9\" style=\"vertical-align: top; padding: 3px 0px 3px 3px; margin-right: 0px; width: 413.766px;\"><span class=\"a-size-base po-break-word\" style=\"box-sizing: border-box; word-break: break-word; line-height: 20px !important;\">USB</span></td></tr><tr class=\"a-spacing-small po-connector_type\" style=\"box-sizing: border-box; margin-bottom: 8px !important;\"><td class=\"a-span3\" style=\"vertical-align: top; padding: 3px 3px 3px 0px; margin-right: 0px; width: 130.297px;\"><span class=\"a-size-base a-text-bold\" style=\"box-sizing: border-box; font-weight: 700 !important; line-height: 20px !important;\">Connector Type</span></td><td class=\"a-span9\" style=\"vertical-align: top; padding: 3px 0px 3px 3px; margin-right: 0px; width: 413.766px;\"><span class=\"a-size-base po-break-word\" style=\"box-sizing: border-box; word-break: break-word; line-height: 20px !important;\">USB</span></td></tr><tr class=\"a-spacing-small po-compatible_devices\" style=\"box-sizing: border-box; margin-bottom: 8px !important;\"><td class=\"a-span3\" style=\"vertical-align: top; padding: 3px 3px 3px 0px; margin-right: 0px; width: 130.297px;\"><span class=\"a-size-base a-text-bold\" style=\"box-sizing: border-box; font-weight: 700 !important; line-height: 20px !important;\">Compatible Devices</span></td><td class=\"a-span9\" style=\"vertical-align: top; padding: 3px 0px 3px 3px; margin-right: 0px; width: 413.766px;\"><span class=\"a-size-base po-break-word\" style=\"box-sizing: border-box; word-break: break-word; line-height: 20px !important;\">Cellular Phones</span></td></tr><tr class=\"a-spacing-small po-compatible_phone_models\" style=\"box-sizing: border-box; margin-bottom: 8px !important;\"><td class=\"a-span3\" style=\"vertical-align: top; padding: 3px 3px 3px 0px; margin-right: 0px; width: 130.297px;\"><span class=\"a-size-base a-text-bold\" style=\"box-sizing: border-box; font-weight: 700 !important; line-height: 20px !important;\">Compatible Phone Models</span></td><td class=\"a-span9\" style=\"vertical-align: top; padding: 3px 0px 3px 3px; margin-right: 0px; width: 413.766px;\"><span class=\"a-size-base po-break-word\" style=\"box-sizing: border-box; word-break: break-word; line-height: 20px !important;\">Samsung</span></td></tr><tr class=\"a-spacing-small po-included_components\" style=\"box-sizing: border-box; margin-bottom: 8px !important;\"><td class=\"a-span3\" style=\"vertical-align: top; padding: 3px 3px 3px 0px; margin-right: 0px; width: 130.297px;\"><span class=\"a-size-base a-text-bold\" style=\"box-sizing: border-box; font-weight: 700 !important; line-height: 20px !important;\">Included Components</span></td><td class=\"a-span9\" style=\"vertical-align: top; padding: 3px 0px 3px 3px; margin-right: 0px; width: 413.766px;\"><span class=\"a-size-base po-break-word\" style=\"box-sizing: border-box; word-break: break-word; line-height: 20px !important;\">Wall Charger, User Manual</span></td></tr><tr class=\"a-spacing-small po-special_feature\" style=\"box-sizing: border-box; margin-bottom: 8px !important;\"><td class=\"a-span3\" style=\"vertical-align: top; padding: 3px 3px 3px 0px; margin-right: 0px; width: 130.297px;\"><span class=\"a-size-base a-text-bold\" style=\"box-sizing: border-box; font-weight: 700 !important; line-height: 20px !important;\">Special Feature</span></td><td class=\"a-span9\" style=\"vertical-align: top; padding: 3px 0px 3px 3px; margin-right: 0px; width: 413.766px;\"><span class=\"a-size-base po-break-word\" style=\"box-sizing: border-box; word-break: break-word; line-height: 20px !important;\">Travel, Fast Charging</span></td></tr><tr class=\"a-spacing-small po-color\" style=\"box-sizing: border-box; margin-bottom: 8px !important;\"><td class=\"a-span3\" style=\"vertical-align: top; padding: 3px 3px 3px 0px; margin-right: 0px; width: 130.297px;\"><span class=\"a-size-base a-text-bold\" style=\"box-sizing: border-box; font-weight: 700 !important; line-height: 20px !important;\">Colour</span></td><td class=\"a-span9\" style=\"vertical-align: top; padding: 3px 0px 3px 3px; margin-right: 0px; width: 413.766px;\"><span class=\"a-size-base po-break-word\" style=\"box-sizing: border-box; word-break: break-word; line-height: 20px !important;\">White</span></td></tr><tr class=\"a-spacing-small po-input_voltage\" style=\"box-sizing: border-box; margin-bottom: 8px !important;\"><td class=\"a-span3\" style=\"vertical-align: top; padding: 3px 3px 3px 0px; margin-right: 0px; width: 130.297px;\"><span class=\"a-size-base a-text-bold\" style=\"box-sizing: border-box; font-weight: 700 !important; line-height: 20px !important;\">Input Voltage</span></td><td class=\"a-span9\" style=\"vertical-align: top; padding: 3px 0px 3px 3px; margin-right: 0px; width: 413.766px;\"><span class=\"a-size-base po-break-word\" style=\"box-sizing: border-box; word-break: break-word; line-height: 20px !important;\">25 Volts</span></td></tr><tr class=\"a-spacing-small po-mounting_type\" style=\"box-sizing: border-box; margin-bottom: 8px !important;\"><td class=\"a-span3\" style=\"vertical-align: top; padding: 3px 3px 0px 0px; margin-right: 0px; width: 130.297px;\"><span class=\"a-size-base a-text-bold\" style=\"box-sizing: border-box; font-weight: 700 !important; line-height: 20px !important;\">Mounting Type</span></td><td class=\"a-span9\" style=\"vertical-align: top; padding: 3px 0px 0px 3px; margin-right: 0px; width: 413.766px;\"><span class=\"a-size-base po-break-word\" style=\"box-sizing: border-box; word-break: break-word; line-height: 20px !important;\">Wall Mount</span></td></tr></tbody></table>', '25w c  3.jpg', '25w c.jpg', '25w c  1.jpg', 0, 'In Stock', '2023-08-25 04:16:42', NULL),
(74, 14, 51, 'Samsung Original 35W Dual Port, Type-C & USB-A, Fast Charger (Cable not Included), Black', 'SAMSUNG', 1799, 2299, '<table class=\"a-normal a-spacing-micro\" style=\"width: 544.062px; color: rgb(15, 17, 17); font-family: &quot;Amazon Ember&quot;, Arial, sans-serif; font-size: 14px; background-color: rgb(255, 255, 255); margin-bottom: 0px !important;\"><tbody style=\"box-sizing: border-box;\"><tr class=\"a-spacing-small po-brand\" style=\"box-sizing: border-box; margin-bottom: 8px !important;\"><td class=\"a-span3\" style=\"vertical-align: top; padding: 0px 3px 3px 0px; margin-right: 0px; width: 130.297px;\"><span class=\"a-size-base a-text-bold\" style=\"box-sizing: border-box; font-weight: 700 !important; line-height: 20px !important;\">Brand</span></td><td class=\"a-span9\" style=\"vertical-align: top; padding: 0px 0px 3px 3px; margin-right: 0px; width: 413.766px;\"><span class=\"a-size-base po-break-word\" style=\"box-sizing: border-box; word-break: break-word; line-height: 20px !important;\">Samsung</span></td></tr><tr class=\"a-spacing-small po-connectivity_technology\" style=\"box-sizing: border-box; margin-bottom: 8px !important;\"><td class=\"a-span3\" style=\"vertical-align: top; padding: 3px 3px 3px 0px; margin-right: 0px; width: 130.297px;\"><span class=\"a-size-base a-text-bold\" style=\"box-sizing: border-box; font-weight: 700 !important; line-height: 20px !important;\">Connectivity Technology</span></td><td class=\"a-span9\" style=\"vertical-align: top; padding: 3px 0px 3px 3px; margin-right: 0px; width: 413.766px;\"><span class=\"a-size-base po-break-word\" style=\"box-sizing: border-box; word-break: break-word; line-height: 20px !important;\">USB</span></td></tr><tr class=\"a-spacing-small po-connector_type\" style=\"box-sizing: border-box; margin-bottom: 8px !important;\"><td class=\"a-span3\" style=\"vertical-align: top; padding: 3px 3px 3px 0px; margin-right: 0px; width: 130.297px;\"><span class=\"a-size-base a-text-bold\" style=\"box-sizing: border-box; font-weight: 700 !important; line-height: 20px !important;\">Connector Type</span></td><td class=\"a-span9\" style=\"vertical-align: top; padding: 3px 0px 3px 3px; margin-right: 0px; width: 413.766px;\"><span class=\"a-size-base po-break-word\" style=\"box-sizing: border-box; word-break: break-word; line-height: 20px !important;\">USB</span></td></tr><tr class=\"a-spacing-small po-compatible_devices\" style=\"box-sizing: border-box; margin-bottom: 8px !important;\"><td class=\"a-span3\" style=\"vertical-align: top; padding: 3px 3px 3px 0px; margin-right: 0px; width: 130.297px;\"><span class=\"a-size-base a-text-bold\" style=\"box-sizing: border-box; font-weight: 700 !important; line-height: 20px !important;\">Compatible Devices</span></td><td class=\"a-span9\" style=\"vertical-align: top; padding: 3px 0px 3px 3px; margin-right: 0px; width: 413.766px;\"><span class=\"a-size-base po-break-word\" style=\"box-sizing: border-box; word-break: break-word; line-height: 20px !important;\">Cellular Phones</span></td></tr><tr class=\"a-spacing-small po-compatible_phone_models\" style=\"box-sizing: border-box; margin-bottom: 8px !important;\"><td class=\"a-span3\" style=\"vertical-align: top; padding: 3px 3px 3px 0px; margin-right: 0px; width: 130.297px;\"><span class=\"a-size-base a-text-bold\" style=\"box-sizing: border-box; font-weight: 700 !important; line-height: 20px !important;\">Compatible Phone Models</span></td><td class=\"a-span9\" style=\"vertical-align: top; padding: 3px 0px 3px 3px; margin-right: 0px; width: 413.766px;\"><span class=\"a-size-base po-break-word\" style=\"box-sizing: border-box; word-break: break-word; line-height: 20px !important;\">Apple iphone 8</span></td></tr><tr class=\"a-spacing-small po-included_components\" style=\"box-sizing: border-box; margin-bottom: 8px !important;\"><td class=\"a-span3\" style=\"vertical-align: top; padding: 3px 3px 3px 0px; margin-right: 0px; width: 130.297px;\"><span class=\"a-size-base a-text-bold\" style=\"box-sizing: border-box; font-weight: 700 !important; line-height: 20px !important;\">Included Components</span></td><td class=\"a-span9\" style=\"vertical-align: top; padding: 3px 0px 3px 3px; margin-right: 0px; width: 413.766px;\"><span class=\"a-size-base po-break-word\" style=\"box-sizing: border-box; word-break: break-word; line-height: 20px !important;\">Adapter</span></td></tr><tr class=\"a-spacing-small po-special_feature\" style=\"box-sizing: border-box; margin-bottom: 8px !important;\"><td class=\"a-span3\" style=\"vertical-align: top; padding: 3px 3px 3px 0px; margin-right: 0px; width: 130.297px;\"><span class=\"a-size-base a-text-bold\" style=\"box-sizing: border-box; font-weight: 700 !important; line-height: 20px !important;\">Special Feature</span></td><td class=\"a-span9\" style=\"vertical-align: top; padding: 3px 0px 3px 3px; margin-right: 0px; width: 413.766px;\"><span class=\"a-size-base po-break-word\" style=\"box-sizing: border-box; word-break: break-word; line-height: 20px !important;\">Travel</span></td></tr><tr class=\"a-spacing-small po-color\" style=\"box-sizing: border-box; margin-bottom: 8px !important;\"><td class=\"a-span3\" style=\"vertical-align: top; padding: 3px 3px 3px 0px; margin-right: 0px; width: 130.297px;\"><span class=\"a-size-base a-text-bold\" style=\"box-sizing: border-box; font-weight: 700 !important; line-height: 20px !important;\">Colour</span></td><td class=\"a-span9\" style=\"vertical-align: top; padding: 3px 0px 3px 3px; margin-right: 0px; width: 413.766px;\"><span class=\"a-size-base po-break-word\" style=\"box-sizing: border-box; word-break: break-word; line-height: 20px !important;\">Black</span></td></tr><tr class=\"a-spacing-small po-input_voltage\" style=\"box-sizing: border-box; margin-bottom: 8px !important;\"><td class=\"a-span3\" style=\"vertical-align: top; padding: 3px 3px 3px 0px; margin-right: 0px; width: 130.297px;\"><span class=\"a-size-base a-text-bold\" style=\"box-sizing: border-box; font-weight: 700 !important; line-height: 20px !important;\">Input Voltage</span></td><td class=\"a-span9\" style=\"vertical-align: top; padding: 3px 0px 3px 3px; margin-right: 0px; width: 413.766px;\"><span class=\"a-size-base po-break-word\" style=\"box-sizing: border-box; word-break: break-word; line-height: 20px !important;\">120 Volts</span></td></tr><tr class=\"a-spacing-small po-mounting_type\" style=\"box-sizing: border-box; margin-bottom: 8px !important;\"><td class=\"a-span3\" style=\"vertical-align: top; padding: 3px 3px 0px 0px; margin-right: 0px; width: 130.297px;\"><span class=\"a-size-base a-text-bold\" style=\"box-sizing: border-box; font-weight: 700 !important; line-height: 20px !important;\">Mounting Type</span></td><td class=\"a-span9\" style=\"vertical-align: top; padding: 3px 0px 0px 3px; margin-right: 0px; width: 413.766px;\"><span class=\"a-size-base po-break-word\" style=\"box-sizing: border-box; word-break: break-word; line-height: 20px !important;\">Wall Mount</span></td></tr></tbody></table>', '35w 1.jpg', '35w 2.jpg', '35w 3.jpg', 50, 'In Stock', '2023-08-25 04:17:41', NULL),
(75, 15, 52, 'In-Ear Headphones Earphones', 'SAMSUNG', 549, 799, '<h1 id=\"title\" class=\"a-size-large a-spacing-none\" style=\"box-sizing: border-box; padding: 0px; font-weight: 400; color: rgb(15, 17, 17); font-family: &quot;Amazon Ember&quot;, Arial, sans-serif; margin-bottom: 0px !important; font-size: 24px !important; line-height: 32px !important;\"><span id=\"productTitle\" class=\"a-size-large product-title-word-break\" style=\"box-sizing: border-box; text-rendering: optimizelegibility; word-break: break-word; line-height: 32px !important;\">Samsung Galaxy M30 , Samsung M 30 In- Ear Headphone | Earphones | Headphone| Handsfree | Headset | Calling Function | Earbuds | Microphone| Bass Bost Sound | Flat Wired Earphone| Original Earphone like Compatible With All Andriod Smartphone, MP3 Players, Mobile, Laptops Earphone Original YS, ZQP 3, WhiteAZ1</span></h1>', 'a1.jpg', 'a2.jpg', 'a3.jpg', 0, 'In Stock', '2023-08-25 04:20:18', NULL),
(76, 15, 53, 'Samsung Original EHS64 Wired in Ear Earphones with Mic, Black', 'SAMSUNG', 749, 1199, '<table class=\"a-normal a-spacing-micro\" style=\"width: 544.062px; color: rgb(15, 17, 17); font-family: &quot;Amazon Ember&quot;, Arial, sans-serif; font-size: 14px; background-color: rgb(255, 255, 255); margin-bottom: 0px !important;\"><tbody style=\"box-sizing: border-box;\"><tr class=\"a-spacing-small po-brand\" style=\"box-sizing: border-box; margin-bottom: 8px !important;\"><td class=\"a-span3\" style=\"vertical-align: top; padding: 0px 3px 3px 0px; margin-right: 0px; width: 142.422px;\"><span class=\"a-size-base a-text-bold\" style=\"box-sizing: border-box; font-weight: 700 !important; line-height: 20px !important;\">Brand</span></td><td class=\"a-span9\" style=\"vertical-align: top; padding: 0px 0px 3px 3px; margin-right: 0px; width: 401.641px;\"><span class=\"a-size-base po-break-word\" style=\"box-sizing: border-box; word-break: break-word; line-height: 20px !important;\">Samsung</span></td></tr><tr class=\"a-spacing-small po-model_name\" style=\"box-sizing: border-box; margin-bottom: 8px !important;\"><td class=\"a-span3\" style=\"vertical-align: top; padding: 3px 3px 3px 0px; margin-right: 0px; width: 142.422px;\"><span class=\"a-size-base a-text-bold\" style=\"box-sizing: border-box; font-weight: 700 !important; line-height: 20px !important;\">Model Name</span></td><td class=\"a-span9\" style=\"vertical-align: top; padding: 3px 0px 3px 3px; margin-right: 0px; width: 401.641px;\"><span class=\"a-size-base po-break-word\" style=\"box-sizing: border-box; word-break: break-word; line-height: 20px !important;\">EHS64</span></td></tr><tr class=\"a-spacing-small po-color\" style=\"box-sizing: border-box; margin-bottom: 8px !important;\"><td class=\"a-span3\" style=\"vertical-align: top; padding: 3px 3px 3px 0px; margin-right: 0px; width: 142.422px;\"><span class=\"a-size-base a-text-bold\" style=\"box-sizing: border-box; font-weight: 700 !important; line-height: 20px !important;\">Colour</span></td><td class=\"a-span9\" style=\"vertical-align: top; padding: 3px 0px 3px 3px; margin-right: 0px; width: 401.641px;\"><span class=\"a-size-base po-break-word\" style=\"box-sizing: border-box; word-break: break-word; line-height: 20px !important;\">Black</span></td></tr><tr class=\"a-spacing-small po-headphones_form_factor\" style=\"box-sizing: border-box; margin-bottom: 8px !important;\"><td class=\"a-span3\" style=\"vertical-align: top; padding: 3px 3px 3px 0px; margin-right: 0px; width: 142.422px;\"><span class=\"a-size-base a-text-bold\" style=\"box-sizing: border-box; font-weight: 700 !important; line-height: 20px !important;\">Form Factor</span></td><td class=\"a-span9\" style=\"vertical-align: top; padding: 3px 0px 3px 3px; margin-right: 0px; width: 401.641px;\"><span class=\"a-size-base po-break-word\" style=\"box-sizing: border-box; word-break: break-word; line-height: 20px !important;\">In Ear</span></td></tr><tr class=\"a-spacing-small po-connectivity_technology\" style=\"box-sizing: border-box; margin-bottom: 8px !important;\"><td class=\"a-span3\" style=\"vertical-align: top; padding: 3px 3px 0px 0px; margin-right: 0px; width: 142.422px;\"><span class=\"a-size-base a-text-bold\" style=\"box-sizing: border-box; font-weight: 700 !important; line-height: 20px !important;\">Connectivity Technology</span></td><td class=\"a-span9\" style=\"vertical-align: top; padding: 3px 0px 0px 3px; margin-right: 0px; width: 401.641px;\"><span class=\"a-size-base po-break-word\" style=\"box-sizing: border-box; word-break: break-word; line-height: 20px !important;\">Wired</span></td></tr></tbody></table>', 'b1.jpg', 'b2.jpg', 'b3.jpg', 0, 'In Stock', '2023-08-25 04:21:07', NULL),
(78, 16, 55, 'Samsung 21L, Convection Microwave Oven with Triple Distribution System', 'SAMSUNG', 8999, 12999, '<table class=\"a-normal a-spacing-micro\" style=\"width: 432.469px; color: rgb(15, 17, 17); font-family: &quot;Amazon Ember&quot;, Arial, sans-serif; font-size: 14px; background-color: rgb(255, 255, 255); margin-bottom: 0px !important;\"><tbody style=\"box-sizing: border-box;\"><tr class=\"a-spacing-small po-brand\" style=\"box-sizing: border-box; margin-bottom: 8px !important;\"><td class=\"a-span3\" style=\"vertical-align: top; padding: 0px 3px 3px 0px; margin-right: 0px; width: 113.219px;\"><span class=\"a-size-base a-text-bold\" style=\"box-sizing: border-box; font-weight: 700 !important; line-height: 20px !important;\">Brand</span></td><td class=\"a-span9\" style=\"vertical-align: top; padding: 0px 0px 3px 3px; margin-right: 0px; width: 319.25px;\"><span class=\"a-size-base po-break-word\" style=\"box-sizing: border-box; word-break: break-word; line-height: 20px !important;\">Samsung</span></td></tr><tr class=\"a-spacing-small po-color\" style=\"box-sizing: border-box; margin-bottom: 8px !important;\"><td class=\"a-span3\" style=\"vertical-align: top; padding: 3px 3px 3px 0px; margin-right: 0px; width: 113.219px;\"><span class=\"a-size-base a-text-bold\" style=\"box-sizing: border-box; font-weight: 700 !important; line-height: 20px !important;\">Colour</span></td><td class=\"a-span9\" style=\"vertical-align: top; padding: 3px 0px 3px 3px; margin-right: 0px; width: 319.25px;\"><span class=\"a-size-base po-break-word\" style=\"box-sizing: border-box; word-break: break-word; line-height: 20px !important;\">Black</span></td></tr><tr class=\"a-spacing-small po-heating_method\" style=\"box-sizing: border-box; margin-bottom: 8px !important;\"><td class=\"a-span3\" style=\"vertical-align: top; padding: 3px 3px 3px 0px; margin-right: 0px; width: 113.219px;\"><span class=\"a-size-base a-text-bold\" style=\"box-sizing: border-box; font-weight: 700 !important; line-height: 20px !important;\">Heating Method</span></td><td class=\"a-span9\" style=\"vertical-align: top; padding: 3px 0px 3px 3px; margin-right: 0px; width: 319.25px;\"><span class=\"a-size-base po-break-word\" style=\"box-sizing: border-box; word-break: break-word; line-height: 20px !important;\">Grill, Microwave, Convection</span></td></tr><tr class=\"a-spacing-small po-fuel_type\" style=\"box-sizing: border-box; margin-bottom: 8px !important;\"><td class=\"a-span3\" style=\"vertical-align: top; padding: 3px 3px 3px 0px; margin-right: 0px; width: 113.219px;\"><span class=\"a-size-base a-text-bold\" style=\"box-sizing: border-box; font-weight: 700 !important; line-height: 20px !important;\">Fuel Type</span></td><td class=\"a-span9\" style=\"vertical-align: top; padding: 3px 0px 3px 3px; margin-right: 0px; width: 319.25px;\"><span class=\"a-size-base po-break-word\" style=\"box-sizing: border-box; word-break: break-word; line-height: 20px !important;\">Electric</span></td></tr><tr class=\"a-spacing-small po-installation_type\" style=\"box-sizing: border-box; margin-bottom: 8px !important;\"><td class=\"a-span3\" style=\"vertical-align: top; padding: 3px 3px 0px 0px; margin-right: 0px; width: 113.219px;\"><span class=\"a-size-base a-text-bold\" style=\"box-sizing: border-box; font-weight: 700 !important; line-height: 20px !important;\">Installation Type</span></td><td class=\"a-span9\" style=\"vertical-align: top; padding: 3px 0px 0px 3px; margin-right: 0px; width: 319.25px;\"><span class=\"a-size-base po-break-word\" style=\"box-sizing: border-box; word-break: break-word; line-height: 20px !important;\">Freestanding</span></td></tr></tbody></table>', '2.jpg', '3.jpg', '4.jpg', 50, 'In Stock', '2023-08-25 04:27:04', NULL),
(79, 16, 56, 'Samsung 28L, Slim Fry, Multi Spit , Convection Microwave Oven with Tandoor and Curd making', 'SAMSUNG', 15699, 20999, '<div id=\"openbox_feature_div\" class=\"celwidget\" data-feature-name=\"openbox\" data-csa-c-type=\"widget\" data-csa-c-content-id=\"openbox\" data-csa-c-slot-id=\"openbox_feature_div\" data-csa-c-asin=\"B09XBPGYV8\" data-csa-c-is-in-initial-active-row=\"false\" data-csa-c-id=\"ttroy5-jqj0rx-v9z6ij-gk9g62\" data-cel-widget=\"openbox_feature_div\" style=\"box-sizing: border-box; color: rgb(15, 17, 17); font-family: &quot;Amazon Ember&quot;, Arial, sans-serif; font-size: 14px;\"><div id=\"openboxEligibilityMessage\" cel_widget_id=\"openbox\" class=\"openboxEligibilityMessage\" style=\"box-sizing: border-box;\"><span class=\"a-text-bold\" style=\"box-sizing: border-box; font-weight: 700 !important;\">Eligible for Free Open Box Inspection</span>&nbsp;<span class=\"a-declarative\" data-action=\"a-popover\" data-csa-c-type=\"widget\" data-csa-c-func-deps=\"aui-da-a-popover\" data-a-popover=\"{&quot;name&quot;:&quot;openboxpopOverContent&quot;,&quot;header&quot;:&quot;Open Box Inspection&quot;}\" data-csa-c-id=\"rv839t-873m81-4lkist-iawlg9\" style=\"box-sizing: border-box;\"><a id=\"openbox_eligibility\" role=\"button\" class=\"a-popover-trigger a-declarative\" style=\"box-sizing: border-box; color: rgb(0, 113, 133);\"><span class=\"a-text-bold\" style=\"box-sizing: border-box; font-weight: 700 !important;\">Details</span>&nbsp;<i class=\"a-icon a-icon-popover\" style=\"box-sizing: border-box; background-image: url(&quot;https://m.media-amazon.com/images/S/sash/McBZv0ZvnbehkIx.png&quot;); background-size: 400px 900px; background-repeat: no-repeat; display: inline-block; vertical-align: text-top; margin: 5px 0px 0px 0.385em; width: 7px; height: 5px; background-position: -90px -5px; opacity: 0.6;\"></i></a></span></div></div><div id=\"clickToContact_feature_div\" class=\"celwidget\" data-feature-name=\"clickToContact\" data-csa-c-type=\"widget\" data-csa-c-content-id=\"clickToContact\" data-csa-c-slot-id=\"clickToContact_feature_div\" data-csa-c-asin=\"B09XBPGYV8\" data-csa-c-is-in-initial-active-row=\"false\" data-csa-c-id=\"l4uyvj-eggbk8-tmjuav-fozaoc\" data-cel-widget=\"clickToContact_feature_div\" style=\"box-sizing: border-box; color: rgb(15, 17, 17); font-family: &quot;Amazon Ember&quot;, Arial, sans-serif; font-size: 14px;\"></div><div id=\"smartHomeWidget_feature_div\" class=\"celwidget\" data-feature-name=\"smartHomeWidget\" data-csa-c-type=\"widget\" data-csa-c-content-id=\"smartHomeWidget\" data-csa-c-slot-id=\"smartHomeWidget_feature_div\" data-csa-c-asin=\"B09XBPGYV8\" data-csa-c-is-in-initial-active-row=\"false\" data-csa-c-id=\"n5npj1-h1goh7-c5xced-1kus6e\" data-cel-widget=\"smartHomeWidget_feature_div\" style=\"box-sizing: border-box; color: rgb(15, 17, 17); font-family: &quot;Amazon Ember&quot;, Arial, sans-serif; font-size: 14px;\"></div><div id=\"renewedProgramDescriptionAtf_feature_div\" class=\"celwidget\" data-feature-name=\"renewedProgramDescriptionAtf\" data-csa-c-type=\"widget\" data-csa-c-content-id=\"renewedProgramDescriptionAtf\" data-csa-c-slot-id=\"renewedProgramDescriptionAtf_feature_div\" data-csa-c-asin=\"B09XBPGYV8\" data-csa-c-is-in-initial-active-row=\"false\" data-csa-c-id=\"lmmybe-vpximl-eajztk-hunwf\" data-cel-widget=\"renewedProgramDescriptionAtf_feature_div\" style=\"box-sizing: border-box; color: rgb(15, 17, 17); font-family: &quot;Amazon Ember&quot;, Arial, sans-serif; font-size: 14px;\"></div><div id=\"twisterPlusWWDesktop\" class=\"celwidget\" data-feature-name=\"twisterPlusWWDesktop\" data-csa-c-type=\"widget\" data-csa-c-content-id=\"twisterPlusWWDesktop\" data-csa-c-slot-id=\"twisterPlusWWDesktop\" data-csa-c-asin=\"B09XBPGYV8\" data-csa-c-is-in-initial-active-row=\"false\" data-csa-c-id=\"ifhtk2-tptof-y2km0k-67yo0z\" data-cel-widget=\"twisterPlusWWDesktop\" style=\"box-sizing: border-box; color: rgb(15, 17, 17); font-family: &quot;Amazon Ember&quot;, Arial, sans-serif; font-size: 14px;\"><span class=\"a-declarative\" data-action=\"close-side-sheet\" data-csa-c-type=\"widget\" data-csa-c-func-deps=\"aui-da-close-side-sheet\" data-close-side-sheet=\"{}\" data-csa-c-id=\"c09rsm-882p01-g64e08-pevifa\" style=\"box-sizing: border-box;\"></span></div><div id=\"productOverview_feature_div\" class=\"celwidget\" data-feature-name=\"productOverview\" data-csa-c-type=\"widget\" data-csa-c-content-id=\"productOverview\" data-csa-c-slot-id=\"productOverview_feature_div\" data-csa-c-asin=\"B09XBPGYV8\" data-csa-c-is-in-initial-active-row=\"false\" data-csa-c-id=\"n4ldoh-w29x1w-55raec-o88ln7\" data-cel-widget=\"productOverview_feature_div\" style=\"box-sizing: border-box; color: rgb(15, 17, 17); font-family: &quot;Amazon Ember&quot;, Arial, sans-serif; font-size: 14px;\"><div class=\"a-section a-spacing-small a-spacing-top-small\" style=\"box-sizing: border-box; margin-bottom: 0px; margin-top: 8px !important;\"><table class=\"a-normal a-spacing-micro\" style=\"width: 432.469px; margin-bottom: 0px !important;\"><tbody style=\"box-sizing: border-box;\"><tr class=\"a-spacing-small po-brand\" style=\"box-sizing: border-box; margin-bottom: 8px !important;\"><td class=\"a-span3\" style=\"vertical-align: top; padding: 0px 3px 3px 0px; margin-right: 0px; width: 113.219px;\"><span class=\"a-size-base a-text-bold\" style=\"box-sizing: border-box; font-weight: 700 !important; line-height: 20px !important;\">Brand</span></td><td class=\"a-span9\" style=\"vertical-align: top; padding: 0px 0px 3px 3px; margin-right: 0px; width: 319.25px;\"><span class=\"a-size-base po-break-word\" style=\"box-sizing: border-box; word-break: break-word; line-height: 20px !important;\">Samsung</span></td></tr><tr class=\"a-spacing-small po-color\" style=\"box-sizing: border-box; margin-bottom: 8px !important;\"><td class=\"a-span3\" style=\"vertical-align: top; padding: 3px 3px 3px 0px; margin-right: 0px; width: 113.219px;\"><span class=\"a-size-base a-text-bold\" style=\"box-sizing: border-box; font-weight: 700 !important; line-height: 20px !important;\">Colour</span></td><td class=\"a-span9\" style=\"vertical-align: top; padding: 3px 0px 3px 3px; margin-right: 0px; width: 319.25px;\"><span class=\"a-size-base po-break-word\" style=\"box-sizing: border-box; word-break: break-word; line-height: 20px !important;\">Black</span></td></tr><tr class=\"a-spacing-small po-heating_method\" style=\"box-sizing: border-box; margin-bottom: 8px !important;\"><td class=\"a-span3\" style=\"vertical-align: top; padding: 3px 3px 3px 0px; margin-right: 0px; width: 113.219px;\"><span class=\"a-size-base a-text-bold\" style=\"box-sizing: border-box; font-weight: 700 !important; line-height: 20px !important;\">Heating Method</span></td><td class=\"a-span9\" style=\"vertical-align: top; padding: 3px 0px 3px 3px; margin-right: 0px; width: 319.25px;\"><span class=\"a-size-base po-break-word\" style=\"box-sizing: border-box; word-break: break-word; line-height: 20px !important;\">Grill, Microwave, Convection</span></td></tr><tr class=\"a-spacing-small po-fuel_type\" style=\"box-sizing: border-box; margin-bottom: 8px !important;\"><td class=\"a-span3\" style=\"vertical-align: top; padding: 3px 3px 3px 0px; margin-right: 0px; width: 113.219px;\"><span class=\"a-size-base a-text-bold\" style=\"box-sizing: border-box; font-weight: 700 !important; line-height: 20px !important;\">Fuel Type</span></td><td class=\"a-span9\" style=\"vertical-align: top; padding: 3px 0px 3px 3px; margin-right: 0px; width: 319.25px;\"><span class=\"a-size-base po-break-word\" style=\"box-sizing: border-box; word-break: break-word; line-height: 20px !important;\">Electric</span></td></tr><tr class=\"a-spacing-small po-installation_type\" style=\"box-sizing: border-box; margin-bottom: 8px !important;\"><td class=\"a-span3\" style=\"vertical-align: top; padding: 3px 3px 0px 0px; margin-right: 0px; width: 113.219px;\"><span class=\"a-size-base a-text-bold\" style=\"box-sizing: border-box; font-weight: 700 !important; line-height: 20px !important;\">Installation Type</span></td><td class=\"a-span9\" style=\"vertical-align: top; padding: 3px 0px 0px 3px; margin-right: 0px; width: 319.25px;\"><span class=\"a-size-base po-break-word\" style=\"box-sizing: border-box; word-break: break-word; line-height: 20px !important;\">Freestanding</span></td></tr></tbody></table></div></div>', '3.jpg', '1.jpg', '4.jpg', 50, 'In Stock', '2023-08-25 04:28:12', NULL),
(80, 16, 57, 'Samsung 32 L Convection Microwave Oven', 'SAMSUNG', 17599, 22999, '<table class=\"a-normal a-spacing-micro\" style=\"width: 432.469px; color: rgb(15, 17, 17); font-family: &quot;Amazon Ember&quot;, Arial, sans-serif; font-size: 14px; background-color: rgb(255, 255, 255); margin-bottom: 0px !important;\"><tbody style=\"box-sizing: border-box;\"><tr class=\"a-spacing-small po-brand\" style=\"box-sizing: border-box; margin-bottom: 8px !important;\"><td class=\"a-span3\" style=\"vertical-align: top; padding: 0px 3px 3px 0px; margin-right: 0px; width: 113.219px;\"><span class=\"a-size-base a-text-bold\" style=\"box-sizing: border-box; font-weight: 700 !important; line-height: 20px !important;\">Brand</span></td><td class=\"a-span9\" style=\"vertical-align: top; padding: 0px 0px 3px 3px; margin-right: 0px; width: 319.25px;\"><span class=\"a-size-base po-break-word\" style=\"box-sizing: border-box; word-break: break-word; line-height: 20px !important;\">Samsung</span></td></tr><tr class=\"a-spacing-small po-color\" style=\"box-sizing: border-box; margin-bottom: 8px !important;\"><td class=\"a-span3\" style=\"vertical-align: top; padding: 3px 3px 3px 0px; margin-right: 0px; width: 113.219px;\"><span class=\"a-size-base a-text-bold\" style=\"box-sizing: border-box; font-weight: 700 !important; line-height: 20px !important;\">Colour</span></td><td class=\"a-span9\" style=\"vertical-align: top; padding: 3px 0px 3px 3px; margin-right: 0px; width: 319.25px;\"><span class=\"a-size-base po-break-word\" style=\"box-sizing: border-box; word-break: break-word; line-height: 20px !important;\">Silver</span></td></tr><tr class=\"a-spacing-small po-heating_method\" style=\"box-sizing: border-box; margin-bottom: 8px !important;\"><td class=\"a-span3\" style=\"vertical-align: top; padding: 3px 3px 3px 0px; margin-right: 0px; width: 113.219px;\"><span class=\"a-size-base a-text-bold\" style=\"box-sizing: border-box; font-weight: 700 !important; line-height: 20px !important;\">Heating Method</span></td><td class=\"a-span9\" style=\"vertical-align: top; padding: 3px 0px 3px 3px; margin-right: 0px; width: 319.25px;\"><span class=\"a-size-base po-break-word\" style=\"box-sizing: border-box; word-break: break-word; line-height: 20px !important;\">Convection</span></td></tr><tr class=\"a-spacing-small po-finish_type\" style=\"box-sizing: border-box; margin-bottom: 8px !important;\"><td class=\"a-span3\" style=\"vertical-align: top; padding: 3px 3px 3px 0px; margin-right: 0px; width: 113.219px;\"><span class=\"a-size-base a-text-bold\" style=\"box-sizing: border-box; font-weight: 700 !important; line-height: 20px !important;\">Finish Type</span></td><td class=\"a-span9\" style=\"vertical-align: top; padding: 3px 0px 3px 3px; margin-right: 0px; width: 319.25px;\"><span class=\"a-size-base po-break-word\" style=\"box-sizing: border-box; word-break: break-word; line-height: 20px !important;\">Enamel</span></td></tr><tr class=\"a-spacing-small po-fuel_type\" style=\"box-sizing: border-box; margin-bottom: 8px !important;\"><td class=\"a-span3\" style=\"vertical-align: top; padding: 3px 3px 0px 0px; margin-right: 0px; width: 113.219px;\"><span class=\"a-size-base a-text-bold\" style=\"box-sizing: border-box; font-weight: 700 !important; line-height: 20px !important;\">Fuel Type</span></td><td class=\"a-span9\" style=\"vertical-align: top; padding: 3px 0px 0px 3px; margin-right: 0px; width: 319.25px;\"><span class=\"a-size-base po-break-word\" style=\"box-sizing: border-box; word-break: break-word; line-height: 20px !important;\">Electric</span></td></tr></tbody></table>', '1.jpg', '6.jpg', '5.jpg', 0, 'In Stock', '2023-08-25 04:29:43', NULL),
(81, 17, 58, 'Samsung Galaxy Tab A7 Lite 8.7 inches', 'SAMSUNG', 12599, 17599, '<table class=\"a-normal a-spacing-micro\" style=\"width: 544.062px; color: rgb(15, 17, 17); font-family: &quot;Amazon Ember&quot;, Arial, sans-serif; font-size: 14px; background-color: rgb(255, 255, 255); margin-bottom: 0px !important;\"><tbody style=\"box-sizing: border-box;\"><tr class=\"a-spacing-small po-brand\" style=\"box-sizing: border-box; margin-bottom: 8px !important;\"><td class=\"a-span3\" style=\"vertical-align: top; padding: 0px 3px 3px 0px; margin-right: 0px; width: 142.422px;\"><span class=\"a-size-base a-text-bold\" style=\"box-sizing: border-box; font-weight: 700 !important; line-height: 20px !important;\">Brand</span></td><td class=\"a-span9\" style=\"vertical-align: top; padding: 0px 0px 3px 3px; margin-right: 0px; width: 401.641px;\"><span class=\"a-size-base po-break-word\" style=\"box-sizing: border-box; word-break: break-word; line-height: 20px !important;\">Samsung</span></td></tr><tr class=\"a-spacing-small po-model_name\" style=\"box-sizing: border-box; margin-bottom: 8px !important;\"><td class=\"a-span3\" style=\"vertical-align: top; padding: 3px 3px 3px 0px; margin-right: 0px; width: 142.422px;\"><span class=\"a-size-base a-text-bold\" style=\"box-sizing: border-box; font-weight: 700 !important; line-height: 20px !important;\">Model Name</span></td><td class=\"a-span9\" style=\"vertical-align: top; padding: 3px 0px 3px 3px; margin-right: 0px; width: 401.641px;\"><span class=\"a-size-base po-break-word\" style=\"box-sizing: border-box; word-break: break-word; line-height: 20px !important;\">Galaxy Tab A7 Lite</span></td></tr><tr class=\"a-spacing-small po-memory_storage_capacity\" style=\"box-sizing: border-box; margin-bottom: 8px !important;\"><td class=\"a-span3\" style=\"vertical-align: top; padding: 3px 3px 3px 0px; margin-right: 0px; width: 142.422px;\"><span class=\"a-size-base a-text-bold\" style=\"box-sizing: border-box; font-weight: 700 !important; line-height: 20px !important;\">Memory Storage Capacity</span></td><td class=\"a-span9\" style=\"vertical-align: top; padding: 3px 0px 3px 3px; margin-right: 0px; width: 401.641px;\"><span class=\"a-size-base po-break-word\" style=\"box-sizing: border-box; word-break: break-word; line-height: 20px !important;\">32 GB</span></td></tr><tr class=\"a-spacing-small po-display.size\" style=\"box-sizing: border-box; margin-bottom: 8px !important;\"><td class=\"a-span3\" style=\"vertical-align: top; padding: 3px 3px 3px 0px; margin-right: 0px; width: 142.422px;\"><span class=\"a-size-base a-text-bold\" style=\"box-sizing: border-box; font-weight: 700 !important; line-height: 20px !important;\">Screen Size</span></td><td class=\"a-span9\" style=\"vertical-align: top; padding: 3px 0px 3px 3px; margin-right: 0px; width: 401.641px;\"><span class=\"a-size-base po-break-word\" style=\"box-sizing: border-box; word-break: break-word; line-height: 20px !important;\">22.05 Centimetres</span></td></tr><tr class=\"a-spacing-small po-display.resolution_maximum\" style=\"box-sizing: border-box; margin-bottom: 8px !important;\"><td class=\"a-span3\" style=\"vertical-align: top; padding: 3px 3px 0px 0px; margin-right: 0px; width: 142.422px;\"><span class=\"a-size-base a-text-bold\" style=\"box-sizing: border-box; font-weight: 700 !important; line-height: 20px !important;\">Display Resolution Maximum</span></td><td class=\"a-span9\" style=\"vertical-align: top; padding: 3px 0px 0px 3px; margin-right: 0px; width: 401.641px;\"><span class=\"a-size-base po-break-word\" style=\"box-sizing: border-box; word-break: break-word; line-height: 20px !important;\">1340 x 800 (WXGA+) Pixels</span></td></tr></tbody></table>', '4.jpg', '2.jpg', '1.jpg', 50, 'In Stock', '2023-08-25 04:32:58', NULL),
(82, 17, 59, 'Samsung Galaxy Tab A8 26.69cm (10.5 inch)', 'SAMSUNG', 20999, 28799, '<h1 id=\"title\" class=\"a-size-large a-spacing-none\" style=\"box-sizing: border-box; padding: 0px; font-weight: 400; color: rgb(15, 17, 17); font-family: &quot;Amazon Ember&quot;, Arial, sans-serif; margin-bottom: 0px !important; font-size: 24px !important; line-height: 32px !important;\"><span id=\"productTitle\" class=\"a-size-large product-title-word-break\" style=\"box-sizing: border-box; text-rendering: optimizelegibility; word-break: break-word; line-height: 32px !important;\">Samsung Galaxy Tab A8 10.5 inches Display with Calling, RAM 4 GB, ROM 64 GB Expandable, Wi-Fi+LTE Tablets, Gray</span></h1>', '1.jpg', '2.jpg', '3.jpg', 50, 'In Stock', '2023-08-25 04:34:26', NULL),
(83, 17, 60, 'Samsung Galaxy Tab S6 Lite 26.31 cm (10.4 inch)', 'SAMSUNG', 28999, 30999, '<h1 id=\"title\" class=\"a-size-large a-spacing-none\" style=\"box-sizing: border-box; padding: 0px; font-weight: 400; color: rgb(15, 17, 17); font-family: &quot;Amazon Ember&quot;, Arial, sans-serif; margin-bottom: 0px !important; font-size: 24px !important; line-height: 32px !important;\"><span id=\"productTitle\" class=\"a-size-large product-title-word-break\" style=\"box-sizing: border-box; text-rendering: optimizelegibility; word-break: break-word; line-height: 32px !important;\">Samsung Galaxy S6 Lite Tab | 26.31cm (10.4\") Display | Octa-Core Processor | 7,040mAh Battery | Dolby Atmos | Android 12 | 4GB+64GB | 8GB+128GB | Wi-Fi | Wi-Fi + LTE | S Pen Support | Blue</span></h1>', '3.jpg', '2.jpg', '4.jpg', 50, 'In Stock', '2023-08-25 04:35:39', NULL),
(84, 17, 62, 'Samsung Galaxy Tab S8 27.94 cm (11 inch)', 'SAMSUNG', 55999, 66999, '<h1 id=\"title\" class=\"a-size-large a-spacing-none\" style=\"box-sizing: border-box; padding: 0px; font-weight: 400; color: rgb(15, 17, 17); font-family: &quot;Amazon Ember&quot;, Arial, sans-serif; margin-bottom: 0px !important; font-size: 24px !important; line-height: 32px !important;\"><span id=\"productTitle\" class=\"a-size-large product-title-word-break\" style=\"box-sizing: border-box; text-rendering: optimizelegibility; word-break: break-word; line-height: 32px !important;\">Samsung Galaxy Tab S8 | 27.81cm (11.0\") LCD Display | 4nm Processor | 8,000 mAh Battery | Dolby Atmos Quad Speakers | Android 12.0 | 8GB+128GB | 12GB+256GB | Wi-Fi | 5G | S Pen Support | Graphite</span></h1>', '1.jpg', '2.jpg', '3.jpg', 50, 'In Stock', '2023-08-25 04:36:46', NULL),
(85, 18, 63, 'Samsung 80 cm (32 Inches) Wondertainment Series HD Ready LED Smart TV UA32T4340BKXXL (Glossy Black)', 'SAMSUNG', 12799, 12999, 'sfd', '1.jpg', '2.jpg', '3.jpg', 50, 'In Stock', '2023-08-25 04:39:18', NULL),
(86, 18, 64, 'Samsung 108 cm (43 inches) Crystal 4K Series Ultra HD Smart LED TV UA43AUE60AKLXL (Black)', 'SAMSUNG', 15999, 15999, 'gsd', '1.jpg', '4.jpg', '5.jpg', 50, 'In Stock', '2023-08-25 04:40:22', NULL),
(87, 18, 65, 'Samsung 138 cm (55 inches) Crystal 4K Neo Series Ultra HD Smart LED TV UA55AUE65AKXXL (Black)', 'SAMSUNG', 19599, 19999, 'efs', '1.jpg', '3.jpg', '4.jpg', 50, 'In Stock', '2023-08-25 04:41:24', NULL),
(88, 18, 66, 'Samsung 163 cm (65 inches) 4K Ultra HD Smart Neo QLED TV QA65QN90CAKLXL (Carbon Silver)', 'SAMSUNG', 22599, 22999, 'ddfsd', '1.jpg', '3.jpg', '2.jpg', 50, 'In Stock', '2023-08-25 04:42:27', NULL),
(89, 19, 71, 'BLACK+DECKER 6.0 Kg 5 Star Fully-Automatic Front Loading Washing Machine(2023 Model, BXWD01260IN, White, In-Built Heater, Steam Wash, BLDC Motor Drive', 'SAMSUNG', 10000, 100000, 'BLACK+DECKER 6.0 Kg 5 Star Fully-Automatic Front Loading Washing Machine(2023 Model, BXWD01260IN, White, In-Built Heater, Steam Wash, BLDC Motor Drive', '1.jpg', '2.jpg', '4.jpg', 50, 'In Stock', '2023-08-26 07:24:38', NULL),
(90, 19, 72, 'BLACK+DECKER 6.0 Kg 5 Star Fully-Automatic Front Loading Washing Machine(2023 Model, BXWD01260IN,  Black, In-Built Heater, Steam Wash, BLDC Motor Drive', 'SAMSUNG', 102999, 40999, 'BLACK+DECKER 6.0 Kg 5 Star Fully-Automatic Front Loading Washing Machine(2023 Model, BXWD01260IN, Black, In-Built Heater, Steam Wash, BLDC Motor Drive', '1.jpg', '4.jpg', '5.jpg', 50, 'Out of Stock', '2023-08-26 07:26:34', NULL),
(91, 19, 73, 'washing machinSamsung 6.5 Kg 5 Star Inverter Fully-Automatic Top Loading Washing Machine (WA65T4262GGTL, Gray, Wobble technology)', 'SAMSUNG', 10101, 101010, 'washing machinSamsung 6.5 Kg 5 Star Inverter Fully-Automatic Top Loading Washing Machine (WA65T4262GGTL, Gray, Wobble technology)', '1.jpg', '2.jpg', '3.jpg', 50, 'In Stock', '2023-08-26 07:28:03', NULL),
(92, 19, 74, 'Samsung 7 kg Fully-Automatic Top Loading Washing Machine (WA70A4002GSTL, Imperial Silver, Diamond drum)', 'SAMSUNG', 102999, 124999, 'Samsung 7 kg Fully-Automatic Top Loading Washing Machine (WA70A4002GSTL, Imperial Silver, Diamond drum)', '1.jpg', '4.jpg', '2.jpg', 50, 'In Stock', '2023-08-26 07:29:06', NULL),
(93, 19, 75, 'Samsung 7 kg, 5 star, Semi-Automatic Washing Machine (WT70M3000UUTL, Air Turbo Drying, LIGHT GRAY)', 'SAMSUNG', 149999, 99999, 'Samsung 7 kg, 5 star, Semi-Automatic Washing Machine (WT70M3000UUTL, Air Turbo Drying, LIGHT GRAY)', '2.jpg', '1.jpg', '4.jpg', 50, 'In Stock', '2023-08-26 07:30:12', NULL),
(94, 20, 67, 'beatXP Marv Neo 1.85 (4.6 cm) Display, Bluetooth Calling Smart Watch, Smart AI Voice Assistant, 100+ Sports Modes, Heart _ SpO2 Monitoring, IP68, Fast Charging (Electric Black)', 'SAMSUNG', 19999, 20999, 'beatXP Marv Neo 1.85 (4.6 cm) Display, Bluetooth Calling Smart Watch, Smart AI Voice Assistant, 100+ Sports Modes, Heart _ SpO2 Monitoring, IP68, Fast Charging (Electric Black)', '1.jpg', '3.jpg', '5.jpg', 50, 'In Stock', '2023-08-26 07:31:49', NULL);
INSERT INTO `products` (`id`, `category`, `subCategory`, `productName`, `productCompany`, `productPrice`, `productPriceBeforeDiscount`, `productDescription`, `productImage1`, `productImage2`, `productImage3`, `shippingCharge`, `productAvailability`, `postingDate`, `updationDate`) VALUES
(95, 20, 68, 'Noise ColorFit Ultra 3 Bluetooth Calling Smart Watch with Biggest 1.96 AMOLED Display, Premium Metallic Build, Functional Crown, Gesture Control with Metallic Strap (Jet Black Elite Edition)', 'SAMSUNG', 19999, 40999, 'Noise ColorFit Ultra 3 Bluetooth Calling Smart Watch with Biggest 1.96 AMOLED Display, Premium Metallic Build, Functional Crown, Gesture Control with Metallic Strap (Jet Black Elite Edition)', '1.jpg', '5.jpg', '3.jpg', 50, 'In Stock', '2023-08-26 07:33:12', NULL),
(96, 20, 69, 'Samsung Galaxy Watch4 Bluetooth(4.0 cm, Black, Compatible with Android only)', 'SAMSUNG', 19999, 20999, 'Samsung Galaxy Watch4 Bluetooth(4.0 cm, Black, Compatible with Android only)', '4.jpg', '5.jpg', '3.jpg', 50, 'In Stock', '2023-08-26 07:34:23', NULL),
(97, 20, 70, 'Samsung Galaxy Watch4 LTE (4.0 cm, Black, Compatible with Android only)', 'SAMSUNG', 149999, 99999, 'Samsung Galaxy Watch4 LTE (4.0 cm, Black, Compatible with Android only)', '1.jpg', '2.jpg', '3.jpg', 50, 'In Stock', '2023-08-26 07:35:21', NULL),
(101, 4, 4, 's22 5g', 'SAMSUNG', 99999, 99999, 'iljl', '1.jpg', '2.jpg', '3.jpg', 50, 'In Stock', '2023-08-27 02:21:06', NULL),
(102, 4, 4, 'm 14 5g', 'SAMSUNG', 19999, 40999, 'lml', 'm14 5g.jpg', '4 m 14 5g.jpg', '1m14 5g.jpg', 50, 'In Stock', '2023-08-27 02:23:21', NULL);

-- --------------------------------------------------------

--
-- Table structure for table `subcategory`
--

CREATE TABLE `subcategory` (
  `id` int(11) NOT NULL,
  `categoryid` int(11) DEFAULT NULL,
  `subcategory` varchar(255) DEFAULT NULL,
  `creationDate` timestamp NULL DEFAULT current_timestamp(),
  `updationDate` varchar(255) DEFAULT NULL
) ENGINE=InnoDB DEFAULT CHARSET=latin1 COLLATE=latin1_swedish_ci;

--
-- Dumping data for table `subcategory`
--

INSERT INTO `subcategory` (`id`, `categoryid`, `subcategory`, `creationDate`, `updationDate`) VALUES
(2, 4, 'Led Television', '2017-01-26 16:24:52', '26-01-2017 11:03:40 PM'),
(3, 4, 'Television', '2017-01-26 16:29:09', ''),
(4, 4, 'Mobiles', '2017-01-30 16:55:48', ''),
(5, 4, 'Mobile Accessories', '2017-02-04 04:12:40', ''),
(6, 4, 'Laptops', '2017-02-04 04:13:00', ''),
(7, 4, 'Computers', '2017-02-04 04:13:27', ''),
(8, 3, 'Comics', '2017-02-04 04:13:54', ''),
(9, 5, 'Beds', '2017-02-04 04:36:45', ''),
(10, 5, 'Sofas', '2017-02-04 04:37:02', ''),
(11, 5, 'Dining Tables', '2017-02-04 04:37:51', ''),
(12, 6, 'Men Footwears', '2017-03-10 20:12:59', ''),
(13, 7, '1 TON', '2023-08-23 03:34:41', NULL),
(14, 7, '1.5ton', '2023-08-23 03:34:49', NULL),
(15, 7, '1.8TON', '2023-08-23 03:35:01', NULL),
(16, 7, '2 TON', '2023-08-23 03:35:09', NULL),
(17, 8, 'M 04', '2023-08-23 03:41:51', NULL),
(18, 8, 'M 14 5G', '2023-08-23 03:42:20', NULL),
(19, 8, 'M 13', '2023-08-23 03:42:30', NULL),
(20, 8, 'M 34 5G', '2023-08-23 03:42:41', NULL),
(21, 8, 'M 53 5G', '2023-08-23 03:42:54', NULL),
(22, 8, 'A 14 5G', '2023-08-23 03:43:06', NULL),
(23, 8, 'S23 5G', '2023-08-23 03:43:18', NULL),
(24, 8, 'S 23 ULTRA', '2023-08-23 03:43:26', NULL),
(25, 8, 'S 22 5G', '2023-08-23 03:43:34', NULL),
(26, 9, '12th Gen i7 Touchscreen', '2023-08-23 03:54:54', NULL),
(27, 9, 'book2(np750)i5', '2023-08-23 03:55:05', NULL),
(28, 9, 'book2(np750)i7', '2023-08-23 03:55:16', NULL),
(29, 9, 'book3proi5', '2023-08-23 03:55:26', NULL),
(30, 10, 'single door', '2023-08-23 04:00:34', NULL),
(31, 10, 'double door', '2023-08-23 04:00:44', NULL),
(32, 10, '653 L FOREST', '2023-08-23 04:01:12', NULL),
(33, 11, 'A 14 5G', '2023-08-24 03:55:37', NULL),
(34, 11, 'M 14 5G', '2023-08-24 03:55:48', NULL),
(35, 11, 'M 04', '2023-08-24 03:56:02', NULL),
(36, 11, 'M 13', '2023-08-24 03:56:10', NULL),
(37, 11, 'M 34 5G', '2023-08-24 03:56:23', NULL),
(38, 11, 'M 53 5G', '2023-08-24 03:56:34', NULL),
(39, 11, 'S 22 5G', '2023-08-24 03:56:42', NULL),
(40, 11, 'S 23 ULTRA', '2023-08-24 03:56:57', NULL),
(41, 11, 's23 ultra', '2023-08-24 03:57:08', NULL),
(42, 12, 'MX-T50XL', '2023-08-25 04:03:18', NULL),
(43, 12, 'MX-T70XL', '2023-08-25 04:03:36', NULL),
(44, 12, 'HW-T400XL', '2023-08-25 04:03:45', NULL),
(45, 12, 'DOLBY DIGITAL', '2023-08-25 04:03:55', NULL),
(46, 12, 'Q-SYMPHONY', '2023-08-25 04:04:05', NULL),
(47, 12, '5.1CH SOUNDBAR', '2023-08-25 04:04:18', NULL),
(48, 13, '2', '2023-08-25 04:12:21', NULL),
(49, 13, '2 PRO', '2023-08-25 04:12:29', NULL),
(50, 14, '25 W', '2023-08-25 04:15:17', NULL),
(51, 14, '35 W DULE', '2023-08-25 04:15:25', NULL),
(52, 15, 'Samsung Headphone White', '2023-08-25 04:19:16', NULL),
(53, 15, 'Samsung Headphone Black', '2023-08-25 04:19:28', NULL),
(54, 16, '20 I SOLO', '2023-08-25 04:24:02', NULL),
(55, 16, '21 I', '2023-08-25 04:24:12', NULL),
(56, 16, '28 I', '2023-08-25 04:24:20', NULL),
(57, 16, '32 I', '2023-08-25 04:24:31', NULL),
(58, 17, 'A7', '2023-08-25 04:30:57', NULL),
(59, 17, 'A8', '2023-08-25 04:31:08', NULL),
(60, 17, 'S 6', '2023-08-25 04:31:16', NULL),
(61, 17, 'S7', '2023-08-25 04:31:27', NULL),
(62, 17, 's8', '2023-08-25 04:31:35', NULL),
(63, 18, '80 cm(32 inches)', '2023-08-25 04:37:33', NULL),
(64, 18, '108 cm (43 inches)', '2023-08-25 04:37:48', NULL),
(65, 18, '138cm(55inches)', '2023-08-25 04:37:59', NULL),
(66, 18, '163cm(65 inches)', '2023-08-25 04:38:15', NULL),
(67, 20, 'Neo(1.85)', '2023-08-25 04:43:44', NULL),
(68, 20, 'ultra 3', '2023-08-25 04:43:59', NULL),
(69, 20, 'watch 4', '2023-08-25 04:44:10', NULL),
(70, 20, 'watch 4 lite', '2023-08-25 04:44:17', NULL),
(71, 19, '6.0 kg  white', '2023-08-25 04:44:35', NULL),
(72, 19, '6.0kg black', '2023-08-25 04:44:47', NULL),
(73, 19, '6.5 kg', '2023-08-25 04:45:00', NULL),
(74, 19, '7 kg automatic', '2023-08-25 04:49:15', NULL),
(75, 19, '7 kg semi automatic', '2023-08-25 04:49:24', NULL);

-- --------------------------------------------------------

--
-- Table structure for table `userlog`
--

CREATE TABLE `userlog` (
  `id` int(11) NOT NULL,
  `userEmail` varchar(255) DEFAULT NULL,
  `userip` binary(16) DEFAULT NULL,
  `loginTime` timestamp NULL DEFAULT current_timestamp(),
  `logout` varchar(255) DEFAULT NULL,
  `status` int(11) DEFAULT NULL
) ENGINE=InnoDB DEFAULT CHARSET=latin1 COLLATE=latin1_swedish_ci;

--
-- Dumping data for table `userlog`
--

INSERT INTO `userlog` (`id`, `userEmail`, `userip`, `loginTime`, `logout`, `status`) VALUES
(24, 'aman@digihand.co.in', 0x3a3a3100000000000000000000000000, '2021-03-14 07:26:52', NULL, 1),
(25, 'dharmikkumbhani0@gmail.com', 0x3a3a3100000000000000000000000000, '2023-08-27 02:27:45', '27-08-2023 07:58:07 AM', 1),
(26, 'dharmikkumbhani0@gmail.com', 0x3a3a3100000000000000000000000000, '2023-08-27 02:29:06', NULL, 1),
(27, 'dharmikkumbhani7@gmail.com', 0x3a3a3100000000000000000000000000, '2023-09-15 03:53:33', NULL, 1),
(28, 'dharmikkumbhani7@gmail.com', 0x3a3a3100000000000000000000000000, '2023-09-16 03:05:08', NULL, 1);

-- --------------------------------------------------------

--
-- Table structure for table `users`
--

CREATE TABLE `users` (
  `id` int(11) NOT NULL,
  `name` varchar(255) DEFAULT NULL,
  `email` varchar(255) DEFAULT NULL,
  `contactno` bigint(11) DEFAULT NULL,
  `password` varchar(255) DEFAULT NULL,
  `shippingAddress` longtext DEFAULT NULL,
  `shippingState` varchar(255) DEFAULT NULL,
  `shippingCity` varchar(255) DEFAULT NULL,
  `shippingPincode` int(11) DEFAULT NULL,
  `billingAddress` longtext DEFAULT NULL,
  `billingState` varchar(255) DEFAULT NULL,
  `billingCity` varchar(255) DEFAULT NULL,
  `billingPincode` int(11) DEFAULT NULL,
  `regDate` timestamp NOT NULL DEFAULT current_timestamp(),
  `updationDate` varchar(255) DEFAULT NULL
) ENGINE=InnoDB DEFAULT CHARSET=latin1 COLLATE=latin1_swedish_ci;

--
-- Dumping data for table `users`
--

INSERT INTO `users` (`id`, `name`, `email`, `contactno`, `password`, `shippingAddress`, `shippingState`, `shippingCity`, `shippingPincode`, `billingAddress`, `billingState`, `billingCity`, `billingPincode`, `regDate`, `updationDate`) VALUES
(4, 'aman', 'aman@digihand.co.in', 8058596008, '73b25522615dac9cfd289ee35faef4ef', NULL, NULL, NULL, NULL, NULL, NULL, NULL, NULL, '2021-03-14 07:26:38', NULL),
(5, 'KUMBHANI DHARMIK ARVINDBHAI', 'dharmikkumbhani5@gmail.com', 9737791809, '382e6fee76da6de42f3abb233653df39', NULL, NULL, NULL, NULL, NULL, NULL, NULL, NULL, '2023-08-27 02:26:08', NULL),
(6, 'KUMBHANI DHARMIK ARVINDBHAI', 'dharmikkumbhani0@gmail.com', 9737791809, '652040ab6d88c96e6f3d269a3e9d1615', NULL, NULL, NULL, NULL, NULL, NULL, NULL, NULL, '2023-08-27 02:27:26', NULL),
(7, 'KUMBHANI DHARMIK ', 'dharmikkumbhani7@gmail.com', 1212, 'f7cade80b7cc92b991cf4d2806d6bd78', NULL, NULL, NULL, NULL, NULL, NULL, NULL, NULL, '2023-09-15 03:53:18', NULL);

-- --------------------------------------------------------

--
-- Table structure for table `wishlist`
--

CREATE TABLE `wishlist` (
  `id` int(11) NOT NULL,
  `userId` int(11) DEFAULT NULL,
  `productId` int(11) DEFAULT NULL,
  `postingDate` timestamp NOT NULL DEFAULT current_timestamp()
) ENGINE=InnoDB DEFAULT CHARSET=latin1 COLLATE=latin1_swedish_ci;

--
-- Dumping data for table `wishlist`
--

INSERT INTO `wishlist` (`id`, `userId`, `productId`, `postingDate`) VALUES
(1, 1, 0, '2017-02-27 18:53:17');

--
-- Indexes for dumped tables
--

--
-- Indexes for table `admin`
--
ALTER TABLE `admin`
  ADD PRIMARY KEY (`id`);

--
-- Indexes for table `category`
--
ALTER TABLE `category`
  ADD PRIMARY KEY (`id`);

--
-- Indexes for table `orders`
--
ALTER TABLE `orders`
  ADD PRIMARY KEY (`id`);

--
-- Indexes for table `ordertrackhistory`
--
ALTER TABLE `ordertrackhistory`
  ADD PRIMARY KEY (`id`);

--
-- Indexes for table `productreviews`
--
ALTER TABLE `productreviews`
  ADD PRIMARY KEY (`id`);

--
-- Indexes for table `products`
--
ALTER TABLE `products`
  ADD PRIMARY KEY (`id`);

--
-- Indexes for table `subcategory`
--
ALTER TABLE `subcategory`
  ADD PRIMARY KEY (`id`);

--
-- Indexes for table `userlog`
--
ALTER TABLE `userlog`
  ADD PRIMARY KEY (`id`);

--
-- Indexes for table `users`
--
ALTER TABLE `users`
  ADD PRIMARY KEY (`id`);

--
-- Indexes for table `wishlist`
--
ALTER TABLE `wishlist`
  ADD PRIMARY KEY (`id`);

--
-- AUTO_INCREMENT for dumped tables
--

--
-- AUTO_INCREMENT for table `admin`
--
ALTER TABLE `admin`
  MODIFY `id` int(11) NOT NULL AUTO_INCREMENT, AUTO_INCREMENT=2;

--
-- AUTO_INCREMENT for table `category`
--
ALTER TABLE `category`
  MODIFY `id` int(11) NOT NULL AUTO_INCREMENT, AUTO_INCREMENT=21;

--
-- AUTO_INCREMENT for table `orders`
--
ALTER TABLE `orders`
  MODIFY `id` int(11) NOT NULL AUTO_INCREMENT, AUTO_INCREMENT=7;

--
-- AUTO_INCREMENT for table `ordertrackhistory`
--
ALTER TABLE `ordertrackhistory`
  MODIFY `id` int(11) NOT NULL AUTO_INCREMENT, AUTO_INCREMENT=5;

--
-- AUTO_INCREMENT for table `productreviews`
--
ALTER TABLE `productreviews`
  MODIFY `id` int(11) NOT NULL AUTO_INCREMENT, AUTO_INCREMENT=5;

--
-- AUTO_INCREMENT for table `products`
--
ALTER TABLE `products`
  MODIFY `id` int(11) NOT NULL AUTO_INCREMENT, AUTO_INCREMENT=103;

--
-- AUTO_INCREMENT for table `subcategory`
--
ALTER TABLE `subcategory`
  MODIFY `id` int(11) NOT NULL AUTO_INCREMENT, AUTO_INCREMENT=76;

--
-- AUTO_INCREMENT for table `userlog`
--
ALTER TABLE `userlog`
  MODIFY `id` int(11) NOT NULL AUTO_INCREMENT, AUTO_INCREMENT=29;

--
-- AUTO_INCREMENT for table `users`
--
ALTER TABLE `users`
  MODIFY `id` int(11) NOT NULL AUTO_INCREMENT, AUTO_INCREMENT=8;

--
-- AUTO_INCREMENT for table `wishlist`
--
ALTER TABLE `wishlist`
  MODIFY `id` int(11) NOT NULL AUTO_INCREMENT, AUTO_INCREMENT=3;
COMMIT;

/*!40101 SET CHARACTER_SET_CLIENT=@OLD_CHARACTER_SET_CLIENT */;
/*!40101 SET CHARACTER_SET_RESULTS=@OLD_CHARACTER_SET_RESULTS */;
/*!40101 SET COLLATION_CONNECTION=@OLD_COLLATION_CONNECTION */;
